ion_id,total_frames,N184.C_pct,N184.B_pct,D173.A_pct,E152.D_pct,N184.D_pct,E141.A_pct,E152.C_pct,E152.B_pct,N184.C_count,N184.B_count,D173.A_count,E152.D_count,N184.D_count,E141.A_count,E152.C_count,E152.B_count
2202,181,6.629834254143646,6.629834254143646,65.74585635359117,2.209944751381215,3.314917127071823,14.3646408839779,0.5524861878453038,0.5524861878453038,12.0,12.0,119.0,4.0,6.0,26.0,1.0,1.0
2183,511,5.47945205479452,9.197651663405088,30.724070450097845,12.32876712328767,8.806262230919765,11.545988258317024,11.154598825831702,10.76320939334638,28.0,47.0,157.0,63.0,45.0,59.0,57.0,55.0
2305,362,11.049723756906078,3.0386740331491713,27.624309392265197,1.9337016574585635,6.353591160220995,5.524861878453039,43.92265193370166,0.5524861878453038,40.0,11.0,100.0,7.0,23.0,20.0,159.0,2.0
2280,315,5.396825396825397,17.142857142857142,24.126984126984127,0.6349206349206349,7.936507936507936,6.666666666666667,3.1746031746031744,34.92063492063492,17.0,54.0,76.0,2.0,25.0,21.0,10.0,110.0
2228,17,5.88235294117647,70.58823529411765,5.88235294117647,5.88235294117647,0.0,0.0,0.0,11.76470588235294,1.0,12.0,1.0,1.0,0.0,0.0,0.0,2.0
2197,10,20.0,10.0,20.0,20.0,0.0,0.0,0.0,30.0,2.0,1.0,2.0,2.0,0.0,0.0,0.0,3.0
2248,235,14.468085106382977,7.234042553191489,12.340425531914894,12.340425531914894,29.78723404255319,1.276595744680851,0.425531914893617,21.70212765957447,34.0,17.0,29.0,29.0,70.0,3.0,1.0,51.0
2438,132,15.151515151515152,12.121212121212121,18.181818181818183,0.7575757575757576,2.272727272727273,3.0303030303030303,40.909090909090914,7.575757575757576,20.0,16.0,24.0,1.0,3.0,4.0,54.0,10.0
2289,846,4.137115839243498,11.702127659574469,19.858156028368796,15.130023640661939,6.1465721040189125,8.037825059101655,14.30260047281324,20.685579196217493,35.0,99.0,168.0,128.0,52.0,68.0,121.0,175.0
2170,389,8.226221079691516,12.596401028277635,17.737789203084834,0.0,4.370179948586118,2.570694087403599,45.501285347043705,8.997429305912597,32.0,49.0,69.0,0.0,17.0,10.0,177.0,35.0
2249,434,3.225806451612903,11.29032258064516,27.64976958525346,0.0,0.6912442396313364,10.599078341013826,15.207373271889402,31.336405529953915,14.0,49.0,120.0,0.0,3.0,46.0,66.0,136.0
2269,42,4.761904761904762,26.190476190476193,21.428571428571427,0.0,2.380952380952381,16.666666666666664,0.0,28.57142857142857,2.0,11.0,9.0,0.0,1.0,7.0,0.0,12.0
2439,868,1.2672811059907834,2.6497695852534564,2.880184331797235,64.63133640552995,21.313364055299537,1.0368663594470047,0.6912442396313364,5.529953917050691,11.0,23.0,25.0,561.0,185.0,9.0,6.0,48.0
2263,1,0.0,0.0,100.0,0.0,0.0,0.0,0.0,0.0,0.0,0.0,1.0,0.0,0.0,0.0,0.0,0.0
2308,240,5.416666666666667,7.916666666666666,36.25,0.8333333333333334,2.9166666666666665,9.583333333333334,35.41666666666667,1.6666666666666667,13.0,19.0,87.0,2.0,7.0,23.0,85.0,4.0
2224,102,9.803921568627452,15.686274509803921,3.9215686274509802,0.0,9.803921568627452,1.9607843137254901,0.9803921568627451,57.84313725490197,10.0,16.0,4.0,0.0,10.0,2.0,1.0,59.0
2441,24,4.166666666666666,33.33333333333333,16.666666666666664,16.666666666666664,0.0,0.0,12.5,8.333333333333332,1.0,8.0,4.0,4.0,0.0,0.0,3.0,2.0
2256,57,10.526315789473683,12.280701754385964,38.59649122807017,0.0,5.263157894736842,24.561403508771928,7.017543859649122,1.7543859649122806,6.0,7.0,22.0,0.0,3.0,14.0,4.0,1.0
2217,995,3.1155778894472363,3.2160804020100504,20.7035175879397,1.9095477386934674,2.3115577889447234,13.467336683417086,53.66834170854271,1.6080402010050252,31.0,32.0,206.0,19.0,23.0,134.0,534.0,16.0
2186,95,6.315789473684211,29.47368421052631,22.105263157894736,1.0526315789473684,7.368421052631578,0.0,0.0,33.68421052631579,6.0,28.0,21.0,1.0,7.0,0.0,0.0,32.0
2178,22,27.27272727272727,36.36363636363637,13.636363636363635,0.0,13.636363636363635,0.0,9.090909090909092,0.0,6.0,8.0,3.0,0.0,3.0,0.0,2.0,0.0
2201,113,8.849557522123893,4.424778761061947,11.504424778761061,0.8849557522123894,4.424778761061947,0.8849557522123894,4.424778761061947,63.716814159292035,10.0,5.0,13.0,1.0,5.0,1.0,5.0,72.0
2210,7,14.285714285714285,14.285714285714285,28.57142857142857,0.0,14.285714285714285,0.0,14.285714285714285,14.285714285714285,1.0,1.0,2.0,0.0,1.0,0.0,1.0,1.0
2296,143,2.097902097902098,6.293706293706294,53.84615384615385,0.0,0.0,35.66433566433567,0.0,2.097902097902098,3.0,9.0,77.0,0.0,0.0,51.0,0.0,3.0
2299,22,18.181818181818183,4.545454545454546,27.27272727272727,0.0,13.636363636363635,4.545454545454546,13.636363636363635,4.545454545454546,4.0,1.0,6.0,0.0,3.0,1.0,3.0,1.0
1315,25,16.0,0.0,76.0,0.0,4.0,0.0,4.0,0.0,4.0,0.0,19.0,0.0,1.0,0.0,1.0,0.0
2258,826,0.48426150121065376,3.14769975786925,0.12106537530266344,61.138014527845044,24.33414043583535,2.0581113801452786,0.36319612590799033,8.353510895883778,4.0,26.0,1.0,505.0,201.0,17.0,3.0,69.0
2199,741,24.021592442645073,12.145748987854251,13.225371120107962,7.152496626180836,0.5398110661268556,6.612685560053981,10.526315789473683,6.882591093117409,178.0,90.0,98.0,53.0,4.0,49.0,78.0,51.0
2207,183,1.092896174863388,16.939890710382514,0.546448087431694,1.092896174863388,2.185792349726776,0.0,0.0,78.14207650273224,2.0,31.0,1.0,2.0,4.0,0.0,0.0,143.0
2257,302,9.271523178807946,12.251655629139073,31.788079470198678,0.33112582781456956,5.298013245033113,11.920529801324504,18.211920529801322,10.927152317880795,28.0,37.0,96.0,1.0,16.0,36.0,55.0,33.0
2192,3,0.0,33.33333333333333,0.0,0.0,0.0,0.0,33.33333333333333,33.33333333333333,0.0,1.0,0.0,0.0,0.0,0.0,1.0,1.0
2177,22,4.545454545454546,13.636363636363635,9.090909090909092,9.090909090909092,0.0,0.0,0.0,27.27272727272727,1.0,3.0,2.0,2.0,0.0,0.0,0.0,6.0
2290,36,8.333333333333332,19.444444444444446,11.11111111111111,5.555555555555555,2.7777777777777777,0.0,5.555555555555555,0.0,3.0,7.0,4.0,2.0,1.0,0.0,2.0,0.0
2266,49,0.0,32.6530612244898,22.448979591836736,10.204081632653061,0.0,8.16326530612245,2.0408163265306123,8.16326530612245,0.0,16.0,11.0,5.0,0.0,4.0,1.0,4.0
2297,54,5.555555555555555,20.37037037037037,55.55555555555556,0.0,1.8518518518518516,5.555555555555555,7.4074074074074066,3.7037037037037033,3.0,11.0,30.0,0.0,1.0,3.0,4.0,2.0
1312,965,6.321243523316062,9.015544041450777,12.849740932642487,0.10362694300518134,3.5233160621761654,13.160621761658032,33.8860103626943,21.139896373056995,61.0,87.0,124.0,1.0,34.0,127.0,327.0,204.0
2169,109,12.844036697247708,21.100917431192663,0.9174311926605505,0.9174311926605505,7.339449541284404,0.0,1.834862385321101,55.04587155963303,14.0,23.0,1.0,1.0,8.0,0.0,2.0,60.0
2179,8,62.5,0.0,12.5,0.0,12.5,0.0,0.0,12.5,5.0,0.0,1.0,0.0,1.0,0.0,0.0,1.0
2212,355,8.169014084507042,10.985915492957748,23.098591549295776,0.0,8.169014084507042,29.295774647887324,17.464788732394364,2.8169014084507045,29.0,39.0,82.0,0.0,29.0,104.0,62.0,10.0
2314,297,6.0606060606060606,11.11111111111111,20.53872053872054,0.0,3.0303030303030303,31.986531986531986,25.252525252525253,2.0202020202020203,18.0,33.0,61.0,0.0,9.0,95.0,75.0,6.0
2229,97,16.49484536082474,14.432989690721648,11.34020618556701,1.0309278350515463,5.154639175257731,14.432989690721648,14.432989690721648,22.68041237113402,16.0,14.0,11.0,1.0,5.0,14.0,14.0,22.0
2304,117,6.837606837606838,12.82051282051282,15.384615384615385,10.256410256410255,20.51282051282051,30.76923076923077,0.0,3.418803418803419,8.0,15.0,18.0,12.0,24.0,36.0,0.0,4.0
2285,21,0.0,19.047619047619047,4.761904761904762,9.523809523809524,23.809523809523807,0.0,9.523809523809524,33.33333333333333,0.0,4.0,1.0,2.0,5.0,0.0,2.0,7.0
2239,129,17.829457364341085,6.976744186046512,5.426356589147287,0.0,22.48062015503876,0.0,22.48062015503876,24.8062015503876,23.0,9.0,7.0,0.0,29.0,0.0,29.0,32.0
2442,36,16.666666666666664,13.88888888888889,25.0,5.555555555555555,11.11111111111111,13.88888888888889,5.555555555555555,8.333333333333332,6.0,5.0,9.0,2.0,4.0,5.0,2.0,3.0
2440,815,2.208588957055215,1.4723926380368098,0.245398773006135,68.46625766871166,23.43558282208589,0.0,0.245398773006135,3.92638036809816,18.0,12.0,2.0,558.0,191.0,0.0,2.0,32.0
2184,10,10.0,20.0,0.0,10.0,30.0,0.0,10.0,10.0,1.0,2.0,0.0,1.0,3.0,0.0,1.0,1.0
2322,62,9.67741935483871,22.58064516129032,3.225806451612903,38.70967741935484,22.58064516129032,0.0,3.225806451612903,0.0,6.0,14.0,2.0,24.0,14.0,0.0,2.0,0.0
2242,26,3.8461538461538463,65.38461538461539,15.384615384615385,3.8461538461538463,0.0,3.8461538461538463,0.0,7.6923076923076925,1.0,17.0,4.0,1.0,0.0,1.0,0.0,2.0
2311,472,2.9661016949152543,14.61864406779661,12.711864406779661,0.0,1.694915254237288,11.652542372881355,0.0,56.355932203389834,14.0,69.0,60.0,0.0,8.0,55.0,0.0,266.0
2271,440,7.727272727272727,10.681818181818182,29.545454545454547,0.45454545454545453,1.8181818181818181,40.22727272727273,3.8636363636363633,5.227272727272727,34.0,47.0,130.0,2.0,8.0,177.0,17.0,23.0
2307,6,33.33333333333333,33.33333333333333,0.0,16.666666666666664,0.0,16.666666666666664,0.0,0.0,2.0,2.0,0.0,1.0,0.0,1.0,0.0,0.0
2206,87,32.18390804597701,27.586206896551722,20.689655172413794,0.0,1.1494252873563218,18.39080459770115,0.0,0.0,28.0,24.0,18.0,0.0,1.0,16.0,0.0,0.0
2250,182,30.21978021978022,13.736263736263737,25.82417582417583,3.296703296703297,1.6483516483516485,10.43956043956044,14.285714285714285,0.5494505494505495,55.0,25.0,47.0,6.0,3.0,19.0,26.0,1.0
2226,469,5.970149253731343,4.904051172707889,16.204690831556505,2.771855010660981,2.1321961620469083,14.285714285714285,32.19616204690831,8.528784648187633,28.0,23.0,76.0,13.0,10.0,67.0,151.0,40.0
2309,6,16.666666666666664,16.666666666666664,0.0,50.0,0.0,0.0,16.666666666666664,0.0,1.0,1.0,0.0,3.0,0.0,0.0,1.0,0.0
2282,26,7.6923076923076925,3.8461538461538463,26.923076923076923,7.6923076923076925,0.0,0.0,11.538461538461538,3.8461538461538463,2.0,1.0,7.0,2.0,0.0,0.0,3.0,1.0
2200,19,52.63157894736842,0.0,10.526315789473683,0.0,26.31578947368421,0.0,5.263157894736842,5.263157894736842,10.0,0.0,2.0,0.0,5.0,0.0,1.0,1.0
2264,33,30.303030303030305,9.090909090909092,0.0,21.21212121212121,6.0606060606060606,3.0303030303030303,9.090909090909092,9.090909090909092,10.0,3.0,0.0,7.0,2.0,1.0,3.0,3.0
2443,122,3.278688524590164,13.114754098360656,35.24590163934426,0.0,1.639344262295082,35.24590163934426,1.639344262295082,9.836065573770492,4.0,16.0,43.0,0.0,2.0,43.0,2.0,12.0
2189,165,15.757575757575756,19.393939393939394,13.939393939393941,2.4242424242424243,4.848484848484849,8.484848484848486,23.03030303030303,4.242424242424243,26.0,32.0,23.0,4.0,8.0,14.0,38.0,7.0
2327,5,20.0,20.0,40.0,20.0,0.0,0.0,0.0,0.0,1.0,1.0,2.0,1.0,0.0,0.0,0.0,0.0
