ion_id,frame,ionic_force,ionic_force_magnitude,ionic_motion_component,cosine_ionic_motion,radial_force,axial_force,motion_vector,contributing_ion,contrib_force,contrib_magnitude,contrib_distance,contrib_cosine_with_motion,contrib_motion_component,contrib_before_closest_residue,contrib_closest_residue,contrib_next_closest_residue
1307,5178,"[-0.5532672293484211, 0.28407424688339233, -8.042064785957336]",8.066077660570116,7.079835093630851,0.8777295969067627,0.6219347271323936,-8.042064785957336,"[0.6336288452148438, -1.4450759887695312, -3.3725357055664062]",1320,"[-0.008810419589281082, -2.18619704246521, -2.864572048187256]",3.603513479232788,9.598557472229004,0.9550714863493811,3.441612809865843,130,130,130
1307,5178,"[-0.5532672293484211, 0.28407424688339233, -8.042064785957336]",8.066077660570116,7.079835093630851,0.8777295969067627,0.6219347271323936,-8.042064785957336,"[0.6336288452148438, -1.4450759887695312, -3.3725357055664062]",1309,"[-0.2788090407848358, 0.07740062475204468, -1.6099847555160522]",1.6357800960540771,14.246447563171387,0.8441143479128079,1.3807853790020852,,,
1307,5178,"[-0.5532672293484211, 0.28407424688339233, -8.042064785957336]",8.066077660570116,7.079835093630851,0.8777295969067627,0.6219347271323936,-8.042064785957336,"[0.6336288452148438, -1.4450759887695312, -3.3725357055664062]",1308,"[0.6154102087020874, 1.285620093345642, -2.1181087493896484]",2.5530245304107666,11.403589248657227,0.597050028512469,1.5242832717107007,1105,1105,1105
1307,5178,"[-0.5532672293484211, 0.28407424688339233, -8.042064785957336]",8.066077660570116,7.079835093630851,0.8777295969067627,0.6219347271323936,-8.042064785957336,"[0.6336288452148438, -1.4450759887695312, -3.3725357055664062]",1306,"[-0.8810579776763916, 1.1072505712509155, -1.4493992328643799]",2.025592565536499,12.802447319030762,0.361945199579535,0.7331534948783407,780,780,780
1306,5552,"[2.1177535615861416, 1.4151039516436867, -12.508464455604553]",12.765151091103109,12.519729775695073,0.9807741158990991,2.5470373655618728,-12.508464455604553,"[-0.22468185424804688, 0.5847549438476562, -10.533576965332031]",2443,"[-0.05633280798792839, 0.0005689358222298324, -1.5595158338546753]",1.560533046722412,14.585877418518066,0.9983744478347512,1.5579963044784833,,,
1306,5552,"[2.1177535615861416, 1.4151039516436867, -12.508464455604553]",12.765151091103109,12.519729775695073,0.9807741158990991,2.5470373655618728,-12.508464455604553,"[-0.22468185424804688, 0.5847549438476562, -10.533576965332031]",2444,"[0.07805076986551285, -0.4003472626209259, -3.418886423110962]",3.443131446838379,9.819564819335938,0.9842810911257656,3.3890091870015135,,,
1306,5552,"[2.1177535615861416, 1.4151039516436867, -12.508464455604553]",12.765151091103109,12.519729775695073,0.9807741158990991,2.5470373655618728,-12.508464455604553,"[-0.22468185424804688, 0.5847549438476562, -10.533576965332031]",2434,"[-1.893072247505188, -3.221282482147217, -2.009432315826416]",4.242428779602051,8.846302032470703,0.4402401306434588,1.8676873818077955,423,455,455
1306,5552,"[2.1177535615861416, 1.4151039516436867, -12.508464455604553]",12.765151091103109,12.519729775695073,0.9807741158990991,2.5470373655618728,-12.508464455604553,"[-0.22468185424804688, 0.5847549438476562, -10.533576965332031]",1469,"[1.36846923828125, 8.766291618347168, -3.4916884899139404]",9.53480339050293,5.90083122253418,0.41345172717657275,3.9421807048049224,780,780,780
1306,5552,"[2.1177535615861416, 1.4151039516436867, -12.508464455604553]",12.765151091103109,12.519729775695073,0.9807741158990991,2.5470373655618728,-12.508464455604553,"[-0.22468185424804688, 0.5847549438476562, -10.533576965332031]",1309,"[2.620638608932495, -3.7301268577575684, -2.0289413928985596]",4.989809513092041,8.156936645507812,0.3532913110586681,1.7628562489630988,130,130,130
1305,3171,"[-7.105156570672989, 3.772146485745907, -10.829389691352844]",13.490293550952922,9.420667743416777,0.6983293364102758,8.044397988892813,-10.829389691352844,"[0.1897125244140625, -1.108856201171875, -4.796470642089844]",1313,"[-0.2596032917499542, 0.0863218829035759, -1.6720675230026245]",1.6943007707595825,13.998250961303711,0.9434373863163675,1.5984667008887206,,,
1305,3171,"[-7.105156570672989, 3.772146485745907, -10.829389691352844]",13.490293550952922,9.420667743416777,0.6983293364102758,8.044397988892813,-10.829389691352844,"[0.1897125244140625, -1.108856201171875, -4.796470642089844]",2433,"[-0.6347223520278931, 0.19823774695396423, -3.038501501083374]",3.1104118824005127,10.331421852111816,0.9288692016910208,2.889165796519675,,,
1305,3171,"[-7.105156570672989, 3.772146485745907, -10.829389691352844]",13.490293550952922,9.420667743416777,0.6983293364102758,8.044397988892813,-10.829389691352844,"[0.1897125244140625, -1.108856201171875, -4.796470642089844]",1306,"[-1.6401560306549072, 2.41015887260437, -3.054780960083008]",4.222637176513672,8.867009162902832,0.5608941513372824,2.3684524680099344,780,780,780
1305,3171,"[-7.105156570672989, 3.772146485745907, -10.829389691352844]",13.490293550952922,9.420667743416777,0.6983293364102758,8.044397988892813,-10.829389691352844,"[0.1897125244140625, -1.108856201171875, -4.796470642089844]",1307,"[-4.570674896240234, 1.0774279832839966, -3.064039707183838]",5.607161521911621,7.694803237915039,0.4573762546789545,2.56458249796159,130,780,780
2433,3631,"[-1.0746096074581146, 1.4155562222003937, -7.490873336791992]",7.6988160501802305,7.200785190113176,0.9353107209185241,1.7772409028186171,-7.490873336791992,"[-0.8434295654296875, -1.0455818176269531, -5.7932891845703125]",1460,"[-0.20382902026176453, 0.20456770062446594, -2.015981435775757]",2.036559581756592,12.767929077148438,0.9608440200018359,1.9568161976495122,,,
2433,3631,"[-1.0746096074581146, 1.4155562222003937, -7.490873336791992]",7.6988160501802305,7.200785190113176,0.9353107209185241,1.7772409028186171,-7.490873336791992,"[-0.8434295654296875, -1.0455818176269531, -5.7932891845703125]",1307,"[0.34473127126693726, -2.081768035888672, -2.207082748413086]",3.0534918308258057,10.427270889282227,0.807978223801411,2.4671548664440834,98,130,130
2433,3631,"[-1.0746096074581146, 1.4155562222003937, -7.490873336791992]",7.6988160501802305,7.200785190113176,0.9353107209185241,1.7772409028186171,-7.490873336791992,"[-0.8434295654296875, -1.0455818176269531, -5.7932891845703125]",1306,"[-0.9093334674835205, 1.378950595855713, -1.5774143934249878]",2.28399395942688,12.056509017944336,0.6231042642794813,1.423166356990045,780,780,780
2433,3631,"[-1.0746096074581146, 1.4155562222003937, -7.490873336791992]",7.6988160501802305,7.200785190113176,0.9353107209185241,1.7772409028186171,-7.490873336791992,"[-0.8434295654296875, -1.0455818176269531, -5.7932891845703125]",1313,"[-0.30617839097976685, 1.9138059616088867, -1.6903947591781616]",2.571737289428711,11.362025260925293,0.5263554506137853,1.3536479625365203,780,780,780
1313,3666,"[10.75574392080307, 1.7153973430395126, -10.894026815891266]",15.40481858379894,4.213414880499618,0.27351278806560014,10.891676424426095,-10.894026815891266,"[-5.590518951416016, 0.6866645812988281, -9.774658203125]",1316,"[0.4411103129386902, 0.020791510120034218, -1.5011932849884033]",1.5647977590560913,14.565987586975098,0.6923382640351051,1.0833693302727547,,,
1313,3666,"[10.75574392080307, 1.7153973430395126, -10.894026815891266]",15.40481858379894,4.213414880499618,0.27351278806560014,10.891676424426095,-10.894026815891266,"[-5.590518951416016, 0.6866645812988281, -9.774658203125]",1387,"[1.0603179931640625, 0.020274614915251732, -2.5148849487304688]",2.729346513748169,11.029090881347656,0.6062964219064304,1.6547929387803724,,,
1313,3666,"[10.75574392080307, 1.7153973430395126, -10.894026815891266]",15.40481858379894,4.213414880499618,0.27351278806560014,10.891676424426095,-10.894026815891266,"[-5.590518951416016, 0.6866645812988281, -9.774658203125]",1460,"[3.8352208137512207, 0.3034936487674713, -5.381428241729736]",6.615194320678711,7.084312915802002,0.4203375156977876,2.780614381738402,,,
1313,3666,"[10.75574392080307, 1.7153973430395126, -10.894026815891266]",15.40481858379894,4.213414880499618,0.27351278806560014,10.891676424426095,-10.894026815891266,"[-5.590518951416016, 0.6866645812988281, -9.774658203125]",1306,"[2.8424875736236572, 2.9671502113342285, -0.9589595198631287]",4.219398021697998,8.87041187286377,-0.09411734995217312,-0.39711855660500106,1105,1105,1105
1313,3666,"[10.75574392080307, 1.7153973430395126, -10.894026815891266]",15.40481858379894,4.213414880499618,0.27351278806560014,10.891676424426095,-10.894026815891266,"[-5.590518951416016, 0.6866645812988281, -9.774658203125]",1307,"[2.5766072273254395, -1.5963126420974731, -0.5375608205795288]",3.0783259868621826,10.385125160217285,-0.2950445267137366,-0.9082432151579863,130,130,130
1460,5131,"[-1.5341421365737915, 1.2003412246704102, -8.31950581073761]",8.544506310241179,8.28486753208355,0.9696133669131436,1.9479248319312679,-8.31950581073761,"[0.4506874084472656, 1.7896232604980469, -8.027915954589844]",1320,"[-0.10016888380050659, -0.04445159435272217, -1.7664031982421875]",1.7697994709014893,13.696418762207031,0.9641559088449246,1.7063625740516983,,,
1460,5131,"[-1.5341421365737915, 1.2003412246704102, -8.31950581073761]",8.544506310241179,8.28486753208355,0.9696133669131436,1.9479248319312679,-8.31950581073761,"[0.4506874084472656, 1.7896232604980469, -8.027915954589844]",1308,"[1.0612798929214478, 1.444498062133789, -2.4021823406219482]",2.9972269535064697,10.524687767028809,0.9051742631942796,2.713012736925825,1105,1105,1105
1460,5131,"[-1.5341421365737915, 1.2003412246704102, -8.31950581073761]",8.544506310241179,8.28486753208355,0.9696133669131436,1.9479248319312679,-8.31950581073761,"[0.4506874084472656, 1.7896232604980469, -8.027915954589844]",1306,"[-1.5543725490570068, 1.258629322052002, -1.952666163444519]",2.7951972484588623,10.898402214050293,0.7482234116119566,2.091431924959317,780,780,780
1460,5131,"[-1.5341421365737915, 1.2003412246704102, -8.31950581073761]",8.544506310241179,8.28486753208355,0.9696133669131436,1.9479248319312679,-8.31950581073761,"[0.4506874084472656, 1.7896232604980469, -8.027915954589844]",1307,"[-0.9408805966377258, -1.4583345651626587, -2.198254108428955]",2.8007707595825195,10.887552261352539,0.6334185661219965,1.7740602300716677,455,455,455
1387,4416,"[-0.9943284774199128, -0.28250962495803833, -4.419668912887573]",4.5389397560164815,3.758346497848085,0.8280229965304783,1.0336831280436638,-4.419668912887573,"[2.0530242919921875, -1.0973854064941406, -5.364692687988281]",1307,"[-0.013370522297918797, -0.8900471329689026, -1.4354690313339233]",1.6890630722045898,14.019938468933105,0.8757279544678656,1.4791597356584902,130,130,130
1387,4416,"[-0.9943284774199128, -0.28250962495803833, -4.419668912887573]",4.5389397560164815,3.758346497848085,0.8280229965304783,1.0336831280436638,-4.419668912887573,"[2.0530242919921875, -1.0973854064941406, -5.364692687988281]",1460,"[0.07012513279914856, 0.7181707620620728, -1.3524318933486938]",1.5328923463821411,14.71679401397705,0.7375033161043688,1.1305131545959268,1105,1105,1105
1387,4416,"[-0.9943284774199128, -0.28250962495803833, -4.419668912887573]",4.5389397560164815,3.758346497848085,0.8280229965304783,1.0336831280436638,-4.419668912887573,"[2.0530242919921875, -1.0973854064941406, -5.364692687988281]",1306,"[-1.0510830879211426, -0.1106332540512085, -1.631767988204956]",1.9441404342651367,13.067882537841797,0.5908387561172265,1.1486735331909976,SF,455,780
1316,4995,"[-0.5935544595122337, -0.6611031033098698, -7.9463828802108765]",7.995896765749374,7.949022122312232,0.9941376627524844,0.8884617097054888,-7.9463828802108765,"[-0.8656425476074219, -0.01506805419921875, -5.828033447265625]",1307,"[-0.07242100685834885, -0.12115886062383652, -3.0449378490448]",3.0482077598571777,10.436305046081543,0.9916764005175307,3.0228357365807152,SF,SF,1105
1316,4995,"[-0.5935544595122337, -0.6611031033098698, -7.9463828802108765]",7.995896765749374,7.949022122312232,0.9941376627524844,0.8884617097054888,-7.9463828802108765,"[-0.8656425476074219, -0.01506805419921875, -5.828033447265625]",1460,"[-0.8827682137489319, -0.0563669316470623, -1.7279608249664307]",1.9412124156951904,13.07773494720459,0.9473684974300527,1.8390434699183675,780,780,455
1316,4995,"[-0.5935544595122337, -0.6611031033098698, -7.9463828802108765]",7.995896765749374,7.949022122312232,0.9941376627524844,0.8884617097054888,-7.9463828802108765,"[-0.8656425476074219, -0.01506805419921875, -5.828033447265625]",1306,"[-0.4053342640399933, -0.8712661266326904, -1.413935661315918]",1.7095656394958496,13.935615539550781,0.8542328263445506,1.4603670649675295,455,455,455
1316,4995,"[-0.5935544595122337, -0.6611031033098698, -7.9463828802108765]",7.995896765749374,7.949022122312232,0.9941376627524844,0.8884617097054888,-7.9463828802108765,"[-0.8656425476074219, -0.01506805419921875, -5.828033447265625]",1308,"[0.7669690251350403, 0.3876888155937195, -1.759548544883728]",1.9582020044326782,13.020878791809082,0.8307496712078332,1.626775691469368,1105,1105,1105
1308,5269,"[-5.241335988044739, 5.312704533338547, -14.097607970237732]",15.951143622970715,11.948799889120384,0.7490873489417593,7.46300424749503,-14.097607970237732,"[1.2253837585449219, -1.5603828430175781, -8.167594909667969]",1403,"[-0.3197493553161621, 0.288761705160141, -2.3088576793670654]",2.3487117290496826,11.889242172241211,0.9125800371947513,2.143387431225561,,,
1308,5269,"[-5.241335988044739, 5.312704533338547, -14.097607970237732]",15.951143622970715,11.948799889120384,0.7490873489417593,7.46300424749503,-14.097607970237732,"[1.2253837585449219, -1.5603828430175781, -8.167594909667969]",1309,"[-2.9148778915405273, -2.9359593391418457, -3.625190496444702]",5.50076150894165,7.768866062164307,0.662242245518847,3.6428366128690963,130,455,130
1308,5269,"[-5.241335988044739, 5.312704533338547, -14.097607970237732]",15.951143622970715,11.948799889120384,0.7490873489417593,7.46300424749503,-14.097607970237732,"[1.2253837585449219, -1.5603828430175781, -8.167594909667969]",1320,"[-1.0187950134277344, 6.049768924713135, -6.9975690841674805]",9.306106567382812,5.972897052764893,0.5940372062105592,5.528173576817856,1105,1105,1105
1308,5269,"[-5.241335988044739, 5.312704533338547, -14.097607970237732]",15.951143622970715,11.948799889120384,0.7490873489417593,7.46300424749503,-14.097607970237732,"[1.2253837585449219, -1.5603828430175781, -8.167594909667969]",1306,"[-0.9879137277603149, 1.9101332426071167, -1.1659907102584839]",2.4462454319000244,11.64981460571289,0.2593372636546249,0.6344026050880931,780,780,780
1320,5400,"[-0.5166961327195168, -0.3420741856098175, -3.6341108083724976]",3.686563577311224,2.799045007488103,0.7592558622112715,0.6196689777840458,-3.6341108083724976,"[2.126842498779297, 1.966888427734375, -4.8167266845703125]",1469,"[0.791297435760498, 0.621355414390564, -2.222032308578491]",2.439192771911621,11.666645050048828,0.9925530638026502,2.4210283372276784,1105,1105,1105
1320,5400,"[-0.5166961327195168, -0.3420741856098175, -3.6341108083724976]",3.686563577311224,2.799045007488103,0.7592558622112715,0.6196689777840458,-3.6341108083724976,"[2.126842498779297, 1.966888427734375, -4.8167266845703125]",1306,"[-1.1405926942825317, 0.7522609829902649, -1.6077313423156738]",2.1098928451538086,12.54408073425293,0.5732048678398108,1.2094009217026755,780,780,780
1320,5400,"[-0.5166961327195168, -0.3420741856098175, -3.6341108083724976]",3.686563577311224,2.799045007488103,0.7592558622112715,0.6196689777840458,-3.6341108083724976,"[2.126842498779297, 1.966888427734375, -4.8167266845703125]",1309,"[-0.17910051345825195, -1.473112940788269, -1.4012798070907593]",2.0410103797912598,12.753999710083008,0.3025805488274198,0.617570074798163,130,130,455
1320,5400,"[-0.5166961327195168, -0.3420741856098175, -3.6341108083724976]",3.686563577311224,2.799045007488103,0.7592558622112715,0.6196689777840458,-3.6341108083724976,"[2.126842498779297, 1.966888427734375, -4.8167266845703125]",1403,"[0.01169963926076889, -0.24257764220237732, 1.5969326496124268]",1.6152939796447754,14.336503982543945,-0.8970221043838721,-1.4489544161418593,,,
1309,5677,"[-0.5429822094738483, 0.7323366552591324, -13.132537484169006]",13.164144006715562,13.055130525549263,0.9917189084903139,0.9116724501931796,-13.132537484169006,"[0.7129707336425781, 0.1672515869140625, -8.642417907714844]",1380,"[0.2080385684967041, -0.2713145911693573, -4.193719387054443]",4.207633018493652,8.882804870605469,0.9959551528948135,4.190613588897197,,,
1309,5677,"[-0.5429822094738483, 0.7323366552591324, -13.132537484169006]",13.164144006715562,13.055130525549263,0.9917189084903139,0.9116724501931796,-13.132537484169006,"[0.7129707336425781, 0.1672515869140625, -8.642417907714844]",1476,"[0.016993116587400436, -0.13155724108219147, -1.6357070207595825]",1.641076922416687,14.223437309265137,0.9924739774005474,1.6287261604187653,,,
1309,5677,"[-0.5429822094738483, 0.7323366552591324, -13.132537484169006]",13.164144006715562,13.055130525549263,0.9917189084903139,0.9116724501931796,-13.132537484169006,"[0.7129707336425781, 0.1672515869140625, -8.642417907714844]",2443,"[2.2294209003448486, 1.050384759902954, -2.2944509983062744]",3.3672142028808594,9.929643630981445,0.739417123606328,2.4897757954743494,1105,1105,1105
1309,5677,"[-0.5429822094738483, 0.7323366552591324, -13.132537484169006]",13.164144006715562,13.055130525549263,0.9917189084903139,0.9116724501931796,-13.132537484169006,"[0.7129707336425781, 0.1672515869140625, -8.642417907714844]",1469,"[-2.146965980529785, 2.0441834926605225, -3.3131890296936035]",4.445826053619385,8.641572952270508,0.7117443378488206,3.1642916264383114,780,780,780
1309,5677,"[-0.5429822094738483, 0.7323366552591324, -13.132537484169006]",13.164144006715562,13.055130525549263,0.9917189084903139,0.9116724501931796,-13.132537484169006,"[0.7129707336425781, 0.1672515869140625, -8.642417907714844]",2434,"[-0.8504688143730164, -1.9593597650527954, -1.6954710483551025]",2.727088212966919,11.033656120300293,0.5800045390704807,1.5817235257638274,455,455,455
1403,5331,"[-0.8413608223199844, 1.3609232306480408, -7.492941617965698]",7.661864927241597,6.197000074719476,0.8088109270480839,1.6000000228288938,-7.492941617965698,"[2.7154808044433594, -0.8539695739746094, -5.8134613037109375]",1469,"[-0.1614212542772293, -0.08120483160018921, -1.773813009262085]",1.7829928398132324,13.645649909973145,0.8615170809308654,1.5360788279912971,,,
1403,5331,"[-0.8413608223199844, 1.3609232306480408, -7.492941617965698]",7.661864927241597,6.197000074719476,0.8088109270480839,1.6000000228288938,-7.492941617965698,"[2.7154808044433594, -0.8539695739746094, -5.8134613037109375]",1320,"[1.4149909019470215, 1.8132896423339844, -2.7240469455718994]",3.565199851989746,9.649994850158691,0.7856163304683783,2.8008792644006775,1105,1105,1105
1403,5331,"[-0.8413608223199844, 1.3609232306480408, -7.492941617965698]",7.661864927241597,6.197000074719476,0.8088109270480839,1.6000000228288938,-7.492941617965698,"[2.7154808044433594, -0.8539695739746094, -5.8134613037109375]",1309,"[-0.5008364319801331, -1.207638144493103, -1.198835849761963]",1.773819088935852,13.680891036987305,0.5783594576891403,1.0259050877299867,455,455,455
1403,5331,"[-0.8413608223199844, 1.3609232306480408, -7.492941617965698]",7.661864927241597,6.197000074719476,0.8088109270480839,1.6000000228288938,-7.492941617965698,"[2.7154808044433594, -0.8539695739746094, -5.8134613037109375]",1306,"[-1.5940940380096436, 0.8364765644073486, -1.796245813369751]",2.5430941581726074,11.42583179473877,0.3280007218306903,0.8341367175995344,780,780,780
1469,5886,"[-1.1996039599180222, 1.8626963198184967, -11.000382900238037]",11.221279391957308,3.2491319521505266,0.28955093609729526,2.215555740782969,-11.000382900238037,"[-0.178253173828125, -3.5076141357421875, -1.7310256958007812]",2434,"[-2.1075210571289062, -1.6291656494140625, -2.518554925918579]",3.665916681289673,9.516510963439941,0.7280037094661771,2.668800894930122,455,455,455
1469,5886,"[-1.1996039599180222, 1.8626963198184967, -11.000382900238037]",11.221279391957308,3.2491319521505266,0.28955093609729526,2.215555740782969,-11.000382900238037,"[-0.178253173828125, -3.5076141357421875, -1.7310256958007812]",1355,"[0.08797405660152435, 0.13495370745658875, -1.4901376962661743]",1.498820185661316,14.883130073547363,0.3561971268230643,0.5338754844760718,,,
1469,5886,"[-1.1996039599180222, 1.8626963198184967, -11.000382900238037]",11.221279391957308,3.2491319521505266,0.28955093609729526,2.215555740782969,-11.000382900238037,"[-0.178253173828125, -3.5076141357421875, -1.7310256958007812]",1476,"[0.41797372698783875, 0.5490890145301819, -3.075044631958008]",3.1515235900878906,10.263813972473145,0.26924575235665504,0.8485343115474436,,,
1469,5886,"[-1.1996039599180222, 1.8626963198184967, -11.000382900238037]",11.221279391957308,3.2491319521505266,0.28955093609729526,2.215555740782969,-11.000382900238037,"[-0.178253173828125, -3.5076141357421875, -1.7310256958007812]",1380,"[1.5758421421051025, 0.7378226518630981, -1.3699907064437866]",2.214618444442749,12.243894577026367,-0.05736134929523411,-0.12703350737568098,1105,1105,1105
1469,5886,"[-1.1996039599180222, 1.8626963198184967, -11.000382900238037]",11.221279391957308,3.2491319521505266,0.28955093609729526,2.215555740782969,-11.000382900238037,"[-0.178253173828125, -3.5076141357421875, -1.7310256958007812]",2443,"[-1.1738728284835815, 2.0699965953826904, -2.5466549396514893]",3.485443115234375,9.759779930114746,-0.193675568066016,-0.6750452029345015,780,780,780
2436,5433,"[-2.0779941082000732, 0.8052382115274668, -6.636835217475891]",7.001003484854612,6.051620625228075,0.8643933170894211,2.228557401328979,-6.636835217475891,"[1.0330657958984375, 1.6155204772949219, -5.069999694824219]",1469,"[1.1431920528411865, 1.02493155002594, -3.420396089553833]",3.749197483062744,9.410222053527832,0.9928946105038673,3.722558026865098,1105,1105,1105
2436,5433,"[-2.0779941082000732, 0.8052382115274668, -6.636835217475891]",7.001003484854612,6.051620625228075,0.8643933170894211,2.228557401328979,-6.636835217475891,"[1.0330657958984375, 1.6155204772949219, -5.069999694824219]",2434,"[-0.40666353702545166, -0.174024760723114, -1.8346890211105347]",1.8872582912445068,13.263354301452637,0.8407321155935801,1.586678610431468,,,
2436,5433,"[-2.0779941082000732, 0.8052382115274668, -6.636835217475891]",7.001003484854612,6.051620625228075,0.8643933170894211,2.228557401328979,-6.636835217475891,"[1.0330657958984375, 1.6155204772949219, -5.069999694824219]",1306,"[-1.636364459991455, 1.1709693670272827, -1.7953139543533325]",2.6966664791107178,11.095718383789062,0.6364700166104801,1.7163473587024638,780,780,780
2436,5433,"[-2.0779941082000732, 0.8052382115274668, -6.636835217475891]",7.001003484854612,6.051620625228075,0.8643933170894211,2.228557401328979,-6.636835217475891,"[1.0330657958984375, 1.6155204772949219, -5.069999694824219]",1309,"[-0.640687882900238, -1.2333738803863525, -1.1129107475280762]",1.7805230617523193,13.655111312866211,0.30959821103666846,0.551246759031236,130,455,455
2436,5433,"[-2.0779941082000732, 0.8052382115274668, -6.636835217475891]",7.001003484854612,6.051620625228075,0.8643933170894211,2.228557401328979,-6.636835217475891,"[1.0330657958984375, 1.6155204772949219, -5.069999694824219]",1320,"[-0.537470281124115, 0.01673593558371067, 1.5264745950698853]",1.6184186935424805,14.322657585144043,-0.9424075972696683,-1.525210077137657,,,
2434,6017,"[-0.8119779080152512, -0.011606216430664062, -5.009792447090149]",5.075181099260022,5.0078654323088685,0.9867363024817049,0.8120608520084311,-5.009792447090149,"[-2.9125900268554688, 0.1522216796875, -8.711753845214844]",1355,"[-1.0107395648956299, 1.0179250240325928, -3.474121332168579]",3.7586281299591064,9.398409843444824,0.9662323642810159,3.6317080717004973,455,780,455
2434,6017,"[-0.8119779080152512, -0.011606216430664062, -5.009792447090149]",5.075181099260022,5.0078654323088685,0.9867363024817049,0.8120608520084311,-5.009792447090149,"[-2.9125900268554688, 0.1522216796875, -8.711753845214844]",1476,"[0.19876165688037872, -1.0295312404632568, -1.5356711149215698]",1.8594963550567627,13.361997604370117,0.7400699520279647,1.3761573484474927,98,130,98
2444,5582,"[-0.011387579143047333, 0.7488982081413269, -5.534487962722778]",5.584938246090046,3.87114326648844,0.6931398514922855,0.7489847816317962,-5.534487962722778,"[1.6045913696289062, -2.307353973388672, -3.4020919799804688]",2434,"[-0.2705686688423157, -1.578347086906433, -1.934159755706787]",2.511047840118408,11.498509407043457,0.8833188285271076,2.218055772580776,455,130,455
2444,5582,"[-0.011387579143047333, 0.7488982081413269, -5.534487962722778]",5.584938246090046,3.87114326648844,0.6931398514922855,0.7489847816317962,-5.534487962722778,"[1.6045913696289062, -2.307353973388672, -3.4020919799804688]",2443,"[-0.07851993292570114, 0.13867592811584473, -1.5529817342758179]",1.5611369609832764,14.58305549621582,0.702195832082078,1.096223878320914,,,
2444,5582,"[-0.011387579143047333, 0.7488982081413269, -5.534487962722778]",5.584938246090046,3.87114326648844,0.6931398514922855,0.7489847816317962,-5.534487962722778,"[1.6045913696289062, -2.307353973388672, -3.4020919799804688]",1309,"[0.9512708783149719, 0.9681544303894043, -2.003573179244995]",2.420029878616333,11.71274471282959,0.5720386383493259,1.384350614990204,1105,1105,1105
2444,5582,"[-0.011387579143047333, 0.7488982081413269, -5.534487962722778]",5.584938246090046,3.87114326648844,0.6931398514922855,0.7489847816317962,-5.534487962722778,"[1.6045913696289062, -2.307353973388672, -3.4020919799804688]",1469,"[-1.059220314025879, 0.999154806137085, -1.5712475776672363]",2.1422131061553955,12.449092864990234,0.1418053295081253,0.30377723401855405,780,780,780
2444,5582,"[-0.011387579143047333, 0.7488982081413269, -5.534487962722778]",5.584938246090046,3.87114326648844,0.6931398514922855,0.7489847816317962,-5.534487962722778,"[1.6045913696289062, -2.307353973388672, -3.4020919799804688]",1306,"[0.44565045833587646, 0.22126013040542603, 1.527474284172058]",1.606467604637146,14.375834465026855,-0.7041937092394214,-1.131264359448302,,,
2443,6202,"[0.6958926133811474, 0.9939078241586685, -11.50406563282013]",11.567871255184139,10.889507311660157,0.9413579276117917,1.213309231928226,-11.50406563282013,"[-2.0924835205078125, 2.2961883544921875, -8.451950073242188]",1327,"[-0.059498030692338943, -0.12091635167598724, -1.616925835609436]",1.6225320100784302,14.30449104309082,0.9248798548251941,1.500647116887409,,,
2443,6202,"[0.6958926133811474, 0.9939078241586685, -11.50406563282013]",11.567871255184139,10.889507311660157,0.9413579276117917,1.213309231928226,-11.50406563282013,"[-2.0924835205078125, 2.2961883544921875, -8.451950073242188]",1443,"[-0.04559451341629028, -0.2811105251312256, -4.0620198249816895]",4.071990489959717,9.029541015625,0.9213048386844982,3.7515445974993913,SF,SF,SF
2443,6202,"[0.6958926133811474, 0.9939078241586685, -11.50406563282013]",11.567871255184139,10.889507311660157,0.9413579276117917,1.213309231928226,-11.50406563282013,"[-2.0924835205078125, 2.2961883544921875, -8.451950073242188]",1476,"[-1.0176137685775757, 2.565093994140625, -1.9819310903549194]",3.397542715072632,9.885225296020508,0.8096458300429167,2.7508062114558847,780,780,780
2443,6202,"[0.6958926133811474, 0.9939078241586685, -11.50406563282013]",11.567871255184139,10.889507311660157,0.9413579276117917,1.213309231928226,-11.50406563282013,"[-2.0924835205078125, 2.2961883544921875, -8.451950073242188]",1380,"[2.384357213973999, 0.7816745042800903, -2.3590643405914307]",3.4440324306488037,9.818280220031738,0.5399165510412918,1.8594900751157475,1105,1105,1105
2443,6202,"[0.6958926133811474, 0.9939078241586685, -11.50406563282013]",11.567871255184139,10.889507311660157,0.9413579276117917,1.213309231928226,-11.50406563282013,"[-2.0924835205078125, 2.2961883544921875, -8.451950073242188]",1355,"[-0.5657582879066467, -1.950833797454834, -1.4841245412826538]",2.5156431198120117,11.48800277709961,0.4082531766189131,1.027019318710666,455,455,455
1380,6427,"[-0.2791014313697815, -1.3958299197256565, -5.224152088165283]",5.414610218111335,4.929475198950758,0.9104025960099864,1.423460141273367,-5.224152088165283,"[-0.68609619140625, -1.8134956359863281, -2.36322021484375]",1476,"[-0.5057880878448486, -0.6493135690689087, -1.4130650758743286]",1.635292887687683,14.24856948852539,0.9730123891011621,1.5911601743509252,455,455,455
1380,6427,"[-0.2791014313697815, -1.3958299197256565, -5.224152088165283]",5.414610218111335,4.929475198950758,0.9104025960099864,1.423460141273367,-5.224152088165283,"[-0.68609619140625, -1.8134956359863281, -2.36322021484375]",1355,"[0.3731147348880768, -0.807207465171814, -2.0967166423797607]",2.2775027751922607,12.073678016662598,0.8852198919817684,2.0160908159614976,130,130,130
1380,6427,"[-0.2791014313697815, -1.3958299197256565, -5.224152088165283]",5.414610218111335,4.929475198950758,0.9104025960099864,1.423460141273367,-5.224152088165283,"[-0.68609619140625, -1.8134956359863281, -2.36322021484375]",1327,"[-0.14642807841300964, 0.06069111451506615, -1.7143703699111938]",1.7216824293136597,13.886490821838379,0.767983892840246,1.3222243679092547,,,
1476,6489,"[0.08745795488357544, -0.23588845133781433, -6.488113760948181]",6.492989483308295,6.44156173786345,0.9920794965744129,0.25157952092125846,-6.488113760948181,"[-0.4549713134765625, -0.05165863037109375, -4.110870361328125]",1355,"[0.7381088137626648, -1.2383511066436768, -2.846250057220459]",3.190526008605957,10.200885772705078,0.8660119411977254,2.7630337932813815,130,130,130
1476,6489,"[0.08745795488357544, -0.23588845133781433, -6.488113760948181]",6.492989483308295,6.44156173786345,0.9920794965744129,0.25157952092125846,-6.488113760948181,"[-0.4549713134765625, -0.05165863037109375, -4.110870361328125]",1327,"[0.9411289691925049, 0.6820929050445557, -1.9233936071395874]",2.2473132610321045,12.154502868652344,0.8007488819072422,1.7995336777240634,1105,1105,1105
1476,6489,"[0.08745795488357544, -0.23588845133781433, -6.488113760948181]",6.492989483308295,6.44156173786345,0.9920794965744129,0.25157952092125846,-6.488113760948181,"[-0.4549713134765625, -0.05165863037109375, -4.110870361328125]",1341,"[-1.5917798280715942, 0.32036975026130676, -1.7184700965881348]",2.36422061920166,11.85018253326416,0.7947627169732658,1.878994425455848,780,455,455
1355,6562,"[-2.398833990097046, 1.0760656893253326, -11.748897433280945]",12.039473110462255,9.926848374128314,0.8245251501497953,2.6291294908749014,-11.748897433280945,"[0.9076499938964844, 0.5763206481933594, -2.2060546875]",1327,"[0.6832439303398132, 0.32402536273002625, -1.8139832019805908]",1.965286135673523,12.997389793395996,0.9970160927550866,1.9594219462510325,1105,1105,1105
1355,6562,"[-2.398833990097046, 1.0760656893253326, -11.748897433280945]",12.039473110462255,9.926848374128314,0.8245251501497953,2.6291294908749014,-11.748897433280945,"[0.9076499938964844, 0.5763206481933594, -2.2060546875]",1341,"[-2.458481788635254, 1.54696786403656, -8.691182136535645]",9.163726806640625,6.019119739532471,0.7929877905045637,7.266723482752122,780,780,780
1355,6562,"[-2.398833990097046, 1.0760656893253326, -11.748897433280945]",12.039473110462255,9.926848374128314,0.8245251501497953,2.6291294908749014,-11.748897433280945,"[0.9076499938964844, 0.5763206481933594, -2.2060546875]",1330,"[-0.6235961318016052, -0.7949275374412537, -1.2437320947647095]",1.6023893356323242,14.39411735534668,0.4372861802171832,0.7007026935126186,455,455,455
1443,6359,"[1.1344347298145294, 1.7107901722192764, -11.03928828239441]",11.228518644566696,10.80661422420243,0.962425638348259,2.0527408919713728,-11.03928828239441,"[-0.6173133850097656, -0.041637420654296875, -5.064704895019531]",1327,"[-0.1917954683303833, -0.1543402522802353, -2.0611162185668945]",2.0757665634155273,12.646775245666504,0.9974005113928808,2.0703705491872575,,,
1443,6359,"[1.1344347298145294, 1.7107901722192764, -11.03928828239441]",11.228518644566696,10.80661422420243,0.962425638348259,2.0527408919713728,-11.03928828239441,"[-0.6173133850097656, -0.041637420654296875, -5.064704895019531]",1380,"[2.4541378021240234, 0.7991290092468262, -2.9831364154815674]",3.9446804523468018,9.174093246459961,0.6737391249781851,2.657685430531701,1105,1105,1105
1443,6359,"[1.1344347298145294, 1.7107901722192764, -11.03928828239441]",11.228518644566696,10.80661422420243,0.962425638348259,2.0527408919713728,-11.03928828239441,"[-0.6173133850097656, -0.041637420654296875, -5.064704895019531]",1476,"[-0.9842002391815186, 4.096344470977783, -3.72086238861084]",5.620810031890869,7.685455322265625,0.6723321513669531,3.779051279401563,780,780,780
1443,6359,"[1.1344347298145294, 1.7107901722192764, -11.03928828239441]",11.228518644566696,10.80661422420243,0.962425638348259,2.0527408919713728,-11.03928828239441,"[-0.6173133850097656, -0.041637420654296875, -5.064704895019531]",1355,"[-0.14370736479759216, -3.0303430557250977, -2.2741732597351074]",3.7915029525756836,9.357575416564941,0.6064895139892793,2.2995068004308017,130,130,130
1341,6727,"[-1.6921379119157791, -1.5040085464715958, -14.485872149467468]",14.661714236456785,14.163794026145073,0.9660394274310968,2.26392853703519,-14.485872149467468,"[-2.123394012451172, -5.271274566650391, -13.770347595214844]",1400,"[-0.15616579353809357, 0.06276772916316986, -1.9855877161026]",1.9927082061767578,12.907649993896484,0.9210984994672317,1.835480567768402,,,
1341,6727,"[-1.6921379119157791, -1.5040085464715958, -14.485872149467468]",14.661714236456785,14.163794026145073,0.9660394274310968,2.26392853703519,-14.485872149467468,"[-2.123394012451172, -5.271274566650391, -13.770347595214844]",1327,"[2.187598705291748, -1.0299091339111328, -3.23899507522583]",4.041954040527344,9.063029289245605,0.7537609364506486,3.0466668343385663,130,130,130
1341,6727,"[-1.6921379119157791, -1.5040085464715958, -14.485872149467468]",14.661714236456785,14.163794026145073,0.9660394274310968,2.26392853703519,-14.485872149467468,"[-2.123394012451172, -5.271274566650391, -13.770347595214844]",1330,"[0.8913397192955017, -4.380086421966553, -2.4580156803131104]",5.101125717163086,8.067445755004883,0.7243454431812516,3.694977243683372,130,130,130
1341,6727,"[-1.6921379119157791, -1.5040085464715958, -14.485872149467468]",14.661714236456785,14.163794026145073,0.9660394274310968,2.26392853703519,-14.485872149467468,"[-2.123394012451172, -5.271274566650391, -13.770347595214844]",1359,"[-4.05047082901001, -1.0605835914611816, -2.6539769172668457]",4.957292079925537,8.183645248413086,0.6870513046227579,3.4059140049644583,455,455,455
1341,6727,"[-1.6921379119157791, -1.5040085464715958, -14.485872149467468]",14.661714236456785,14.163794026145073,0.9660394274310968,2.26392853703519,-14.485872149467468,"[-2.123394012451172, -5.271274566650391, -13.770347595214844]",1374,"[-0.5644397139549255, 4.903802871704102, -4.149296760559082]",6.448452472686768,7.175320148468018,0.33818278364705934,2.1807555840889954,1105,780,780
1465,6670,"[0.6474906206130981, -2.299330085515976, -12.219743251800537]",12.451035623026126,11.82064111137415,0.949370114202696,2.3887576155694075,-12.219743251800537,"[2.794261932373047, -3.508880615234375, -8.422462463378906]",1341,"[1.0839828252792358, -3.6219260692596436, -5.257373809814453]",6.475595951080322,7.160265922546387,0.9712740120240915,6.289578334971061,130,130,130
1465,6670,"[0.6474906206130981, -2.299330085515976, -12.219743251800537]",12.451035623026126,11.82064111137415,0.949370114202696,2.3887576155694075,-12.219743251800537,"[2.794261932373047, -3.508880615234375, -8.422462463378906]",1359,"[-0.6143161058425903, 0.11554005742073059, -2.7238833904266357]",2.794686794281006,10.899396896362305,0.7807014051662815,2.1818159393197263,,,
1465,6670,"[0.6474906206130981, -2.299330085515976, -12.219743251800537]",12.451035623026126,11.82064111137415,0.949370114202696,2.3887576155694075,-12.219743251800537,"[2.794261932373047, -3.508880615234375, -8.422462463378906]",1330,"[-1.1526480913162231, -1.327029824256897, -1.222315788269043]",2.14094877243042,12.452768325805664,0.5741840088095561,1.229298551084618,455,455,455
1465,6670,"[0.6474906206130981, -2.299330085515976, -12.219743251800537]",12.451035623026126,11.82064111137415,0.949370114202696,2.3887576155694075,-12.219743251800537,"[2.794261932373047, -3.508880615234375, -8.422462463378906]",1327,"[1.3304719924926758, 2.534085750579834, -3.0161702632904053]",4.158008098602295,8.935654640197754,0.5098471706622976,2.1199485434684107,1105,1105,1105
1374,6748,"[3.8711565881967545, -10.250397980213165, -8.39615249633789]",13.8040533476533,3.2285505761975903,0.23388424362663351,10.957030258381934,-8.39615249633789,"[-3.18218994140625, 1.0184707641601562, -5.033805847167969]",1400,"[0.3653297424316406, -0.2851882576942444, -2.4480199813842773]",2.4915053844451904,11.543516159057617,0.7221021228583707,1.7991214593189806,,,
1374,6748,"[3.8711565881967545, -10.250397980213165, -8.39615249633789]",13.8040533476533,3.2285505761975903,0.23388424362663351,10.957030258381934,-8.39615249633789,"[-3.18218994140625, 1.0184707641601562, -5.033805847167969]",1359,"[-0.17082582414150238, -6.117379188537598, -3.2495322227478027]",6.928995132446289,6.922037124633789,0.25489494857991485,1.7661657792673688,455,455,455
1374,6748,"[3.8711565881967545, -10.250397980213165, -8.39615249633789]",13.8040533476533,3.2285505761975903,0.23388424362663351,10.957030258381934,-8.39615249633789,"[-3.18218994140625, 1.0184707641601562, -5.033805847167969]",1327,"[1.786834716796875, -1.1380722522735596, -1.6180031299591064]",2.6656932830810547,11.159993171691895,0.08069142315735013,0.2150985878251888,SF,SF,130
1374,6748,"[3.8711565881967545, -10.250397980213165, -8.39615249633789]",13.8040533476533,3.2285505761975903,0.23388424362663351,10.957030258381934,-8.39615249633789,"[-3.18218994140625, 1.0184707641601562, -5.033805847167969]",1330,"[1.8898179531097412, -2.7097582817077637, -1.080597162246704]",3.4759016036987305,9.77316665649414,-0.1587602556151502,-0.5518350296001984,130,130,130
