system,resid,pdb_label,pdb_chain,mean_z_offset,variance_z_offset,min_z_offset,max_z_offset,range_z_offset,fraction_above_threshold,rise_frame,threshold_crossings
1,98,E152.A,A,2.834815535874342,0.5277435308209615,-1.2780634693101263,4.287873876540729,5.565937345850855,83.01470588235294,429,461
1,426,E152.B,B,1.3976265433342963,1.5866197874128294,-1.796329892333219,3.539186414860069,5.335516307193288,14.470588235294118,2510,496
1,754,E152.C,C,3.401752687345905,0.5588369130162575,-0.29077192785960904,4.963353436845594,5.254125364705203,93.13235294117646,448,13
1,1082,E152.D,D,2.2961149288575227,2.344013603299139,-1.0472923312495226,4.725955947007009,5.773248278256531,61.514705882352935,2543,45
2,98,E152.A,A,3.3611786695703936,0.9368749862442637,0.3190579672766347,5.440128480156417,5.121070512879783,78.79411764705883,131,233
2,426,E152.B,B,2.98813534234326,0.6768345897377039,0.3381848832012935,4.843399283885859,4.505214400684565,72.22058823529412,32,272
2,754,E152.C,C,2.3366774610215164,1.8124529327658736,-1.837559307364728,4.414582175002749,6.2521414823674775,67.4264705882353,1621,332
2,1082,E152.D,D,2.7749573068793993,2.5238695174164567,-1.296514938411562,4.924591828297409,6.221106766708971,70.38235294117648,1733,67
3,98,E152.A,A,2.4404207254420642,0.5423363490360985,-1.119142552703778,4.111072007062816,5.230214559766594,52.67647058823529,601,685
3,426,E152.B,B,1.9847634488479886,2.4730476454465014,-1.09043978912311,4.945205412974147,6.035645202097257,34.48529411764706,2323,42
3,754,E152.C,C,0.8808145610296445,1.5489242395223108,-1.7201151543231248,4.142425164459198,5.862540318782322,13.367647058823529,2011,148
3,1082,E152.D,D,1.0807754614047478,0.9292127447944,-1.4832019037273056,3.9753402930671484,5.458542196794454,6.132352941176471,2320,39
4,98,E152.A,A,1.418042760830898,2.7072648267352135,-2.4014002945216646,4.204090301172087,6.605490595693752,34.92647058823529,2905,393
4,426,E152.B,B,1.7271812906168311,1.8532068365308907,-2.1507879369215175,4.486905822454162,6.637693759375679,26.485294117647058,2614,392
4,754,E152.C,C,3.7010369086170183,0.6888035587771117,-0.28081955947909876,5.705880234425564,5.986699793904663,95.05882352941177,213,86
4,1082,E152.D,D,1.8441032261832018,1.8791447406393154,-0.6063441972895305,5.200372194862354,5.806716392151884,29.14705882352941,3012,196
5,98,E152.A,A,1.8554677681703111,1.8671839293560744,-1.5275483212835042,5.287549541576126,6.815097862859631,27.92647058823529,1422,327
5,426,E152.B,B,2.613113072701554,1.7470239411713968,-1.501183506482377,4.775214234338506,6.276397740820883,71.04411764705883,1224,246
5,754,E152.C,C,2.5832546074710883,2.064209150023616,-0.9104163094182383,4.832564985080509,5.7429812944987475,58.36764705882352,2596,39
5,1082,E152.D,D,3.233747524050925,1.379730860871729,-0.6646932773542176,5.818612027233485,6.483305304587702,80.86764705882354,843,134
6,98,E152.A,A,2.5423806731843315,1.3011788580418082,-1.1260822146993092,4.538121535631348,5.664203750330657,70.33823529411765,1274,335
6,426,E152.B,B,2.0341435209177234,2.25824795569399,-1.5078312280879942,4.965713243801304,6.473544471889298,46.30882352941176,2528,53
6,754,E152.C,C,3.187562970986546,0.6401904591725474,-0.4566998814670029,4.945897216235409,5.402597097702412,85.47058823529412,503,166
6,1082,E152.D,D,2.2352056144423664,1.6289271530403018,-1.410835308471846,4.130278550836863,5.541113859308709,61.705882352941174,1965,373
7,98,E152.A,A,3.1461499141758926,4.174288263268518,-1.499760402966686,5.8398615034953,7.339621906461986,71.1470588235294,1926,24
7,426,E152.B,B,2.5339220461155936,1.0166130284491064,-1.6071509551037195,4.1973223004325035,5.804473255536223,66.51470588235294,537,361
7,754,E152.C,C,3.773358071907346,2.2964247376395535,-1.0018516551757557,5.98985116941148,6.991702824587236,80.61764705882352,685,57
7,1082,E152.D,D,2.737907469132463,2.3285022441177357,-1.3554442986717703,5.018967648575668,6.374411947247438,70.11764705882354,1919,85
8,98,E152.A,A,2.2124423117417207,1.6604993492179287,-1.0381179286957973,4.9342393348128155,5.972357263508613,53.970588235294116,1077,73
8,426,E152.B,B,2.8212477473568742,0.6742772194167534,-1.426193672852392,4.222296702861371,5.648490375713763,73.08823529411764,414,271
8,754,E152.C,C,2.6820438647617038,0.8275266668704989,-0.2466913984711141,4.366844002233464,4.613535400704578,73.69117647058823,359,163
8,1082,E152.D,D,2.6766653838789747,0.8492502940358869,-1.4002101232454436,4.195643572132937,5.595853695378381,70.11764705882354,673,568
9,99,E141.D,D,0.7537720144430072,1.6405250311832231,-1.8470060315396495,3.864354431418917,5.711360462958567,19.970588235294116,5275,119
9,424,E152.C,C,2.4451617918706248,1.7449712760270466,-0.8132936395277142,5.23834130169196,6.051634941219675,48.161764705882355,1896,27
9,749,E152.B,B,3.7287915681232486,0.728396614986319,-0.6136016819557142,5.18442438705172,5.798026069007435,94.51470588235294,358,15
9,1074,E152.A,A,3.9659789343135214,0.6230898334706559,0.39840163555734875,6.011769991812798,5.6133683562554495,93.83823529411764,277,29
10,98,E152.A,A,2.7875600280006925,1.414018481885346,-0.9493862059001401,4.7633508770456245,5.712737082945765,69.16176470588236,421,133
10,426,E152.B,B,-0.021505946955023975,1.042810113001125,-2.3415779372745646,3.1535273181824124,5.495105255456977,1.0735294117647058,5881,44
10,754,E152.C,C,2.914392456153867,1.7687417618642869,-0.6020171125268376,5.678128351522503,6.28014546404934,53.94117647058824,572,231
10,1082,E152.D,D,2.0469444064974467,1.922559982887218,-1.235221536181598,4.232160243546886,5.467381779728484,55.69117647058823,2350,322
