ion_id,total_frames,D173.A_pct,E152.C_pct,N184.C_pct,N184.B_pct,N184.D_pct,E152.B_pct,E141.A_pct,E152.D_pct,D173.A_count,E152.C_count,N184.C_count,N184.B_count,N184.D_count,E152.B_count,E141.A_count,E152.D_count
1311,928,44.07327586206897,24.892241379310345,7.004310344827585,7.004310344827585,15.517241379310345,0.10775862068965517,0.21551724137931033,1.1853448275862069,409,231.0,65.0,65.0,144.0,1.0,2.0,11.0
1314,604,49.83443708609271,24.00662251655629,5.629139072847682,3.47682119205298,5.629139072847682,0.0,10.43046357615894,0.9933774834437087,301,145.0,34.0,21.0,34.0,0.0,63.0,6.0
1315,376,30.585106382978722,4.25531914893617,4.787234042553192,1.8617021276595744,9.574468085106384,45.21276595744681,0.7978723404255319,2.925531914893617,115,16.0,18.0,7.0,36.0,170.0,3.0,11.0
1316,108,17.59259259259259,1.8518518518518516,5.555555555555555,50.0,22.22222222222222,0.9259259259259258,1.8518518518518516,0.0,19,2.0,6.0,54.0,24.0,1.0,2.0,0.0
1305,246,70.32520325203252,0.0,0.40650406504065045,1.6260162601626018,5.284552845528456,0.0,22.35772357723577,0.0,173,0.0,1.0,4.0,13.0,0.0,55.0,0.0
1312,1748,31.57894736842105,22.54004576659039,10.011441647597254,11.384439359267734,10.068649885583524,8.466819221967963,4.004576659038902,1.9450800915331807,552,394.0,175.0,199.0,176.0,148.0,70.0,34.0
2279,6134,35.963482230192376,10.074991848712097,16.3025758069775,7.776328659928268,13.628953374633193,6.374307140528203,4.108249103358331,5.771111835670036,2206,618.0,1000.0,477.0,836.0,391.0,252.0,354.0
2437,6016,22.47340425531915,11.818484042553191,12.616356382978724,13.962765957446807,7.047872340425531,27.809175531914892,2.69281914893617,1.5791223404255321,1352,711.0,759.0,840.0,424.0,1673.0,162.0,95.0
2313,8,12.5,0.0,0.0,0.0,75.0,12.5,0.0,0.0,1,0.0,0.0,0.0,6.0,1.0,0.0,0.0
2176,1639,32.6418547895058,7.0164734594264795,17.81574130567419,10.433190970103722,10.799267846247712,10.982306284319707,3.172666259914582,7.13849908480781,535,115.0,292.0,171.0,177.0,180.0,52.0,117.0
2229,31,25.806451612903224,3.225806451612903,25.806451612903224,9.67741935483871,35.483870967741936,0.0,0.0,0.0,8,1.0,8.0,3.0,11.0,0.0,0.0,0.0
2289,4357,27.427128758319945,29.056690383291254,10.764287353683727,6.747762221712188,11.429882946981868,5.508377323846683,1.7902226302501723,7.275648381914161,1195,1266.0,469.0,294.0,498.0,240.0,78.0,317.0
2252,65,9.230769230769232,80.0,6.153846153846154,3.076923076923077,0.0,0.0,0.0,1.5384615384615385,6,52.0,4.0,2.0,0.0,0.0,0.0,1.0
2315,2855,24.86865148861646,9.842381786339754,18.984238178633976,12.854640980735551,17.933450087565674,12.399299474605954,0.14010507880910683,2.9772329246935203,710,281.0,542.0,367.0,512.0,354.0,4.0,85.0
2250,872,16.51376146788991,40.36697247706422,18.577981651376145,7.454128440366972,14.449541284403669,0.22935779816513763,0.0,2.408256880733945,144,352.0,162.0,65.0,126.0,2.0,0.0,21.0
