stuck_frame,perm_frame,total_frames,resid,resname,source_type,Fx_stuck,Fy_stuck,Fz_stuck,Fx_perm,Fy_perm,Fz_perm,mag_stuck,mag_perm,delta_magnitude,cosine_angle,cosine_with_motion,aligned_force_magnitude,mannwhitney_p,sign_test_p,sign_test_direction,boxplot_outlier
5494,5561,68,ionic_up,,ionic_up,0.6958896934346699,-1.9849897849915632,-10.735470908791271,-0.6482135504484177,-1.3579779863357544,-17.581259727478027,10.939597001053244,17.645537073815525,6.7059400727622815,0.9893932492834496,0.9928004655226583,17.51849742128138,0.058823529411764705,9.215718466126788e-19,greater,mild outlier
5494,5561,68,1074,GLU,residue,1.971642131069258,2.332760796256697,-1.6243809814054047,2.7886011824011803,3.134390553459525,-0.8838052036007866,3.459444926330103,4.287401583012419,0.827956656682316,0.9604581219187214,0.24310624388780727,1.042294094884788,0.058823529411764705,9.215718466126788e-19,greater,mild outlier
5494,5561,68,749,GLU,residue,-2.773372573055216,0.8161451578585069,-1.506717496007071,-3.6830678433179855,1.3313244599848986,-1.0353887047094759,3.26004385866887,4.050857110054247,0.7908132513853774,0.9738860404532902,0.22442650793859126,0.9091197153676883,0.029411764705882353,1.3552527156068805e-20,greater,mild outlier
5494,5561,68,99,GLU,residue,-1.1785219784603636,-2.338266675708009,-1.1349152395268902,-1.714596876874566,-3.0935253873467445,-0.6157986200414598,2.853846124329602,3.5901183424494247,0.7362722181198227,0.9714426331610219,0.13903908658062406,0.4991667750505121,0.029411764705882353,1.3552527156068805e-20,greater,mild outlier
5494,5561,68,1106,ASN,residue,-0.01862878302362428,-0.18176334509765035,0.10422584736969934,0.20456568896770477,-0.40783345978707075,0.5670232214033604,0.21035202028495156,0.7277984512455136,0.517446430960562,0.8453430298508257,-0.7759544122272929,-0.5647384194561466,0.11764705882352941,6.801200228001569e-16,greater,mild outlier
5494,5561,68,424,GLU,residue,2.249190951683628,-1.6369040070185021,-1.5279026885264781,2.8452491853386164,-1.8222721312195063,-0.832499117590487,3.1737676806809874,3.4798237638820564,0.30605608320106903,0.9647069985124426,0.26329585398195393,0.9162231696180233,0.11764705882352941,6.801200228001569e-16,greater,within range
5494,5561,68,1301,PIP,pip,-0.7798787660118359,0.04047652248011554,-1.039890228032598,-0.9377085445448756,0.06729284382527112,-1.1936643762746826,1.3004695017207883,1.5194276174039316,0.21895811568314327,0.9996626500365688,0.7611084549307041,1.1564492062613474,0.058823529411764705,9.215718466126788e-19,greater,extreme outlier
5494,5561,68,ionic_down,,ionic_down,0.34102397776598026,2.9066110082498904,11.209338310939163,-2.556858703494072,1.9141419604420662,11.314469933509827,11.585074461382595,11.756644748849743,0.17157028746714786,0.9656232569678056,-0.9676078668868363,-11.375821947180825,0.9411764705882354,0.6254068289416483,greater,within range
5494,5561,68,1303,PIP,pip,0.04324273017589414,0.7752619241572806,-1.0071758987217694,0.07684193928434979,0.9279849631711841,-1.0941485814400949,1.2717327847182043,1.4367400230285836,0.16500723831037933,0.9986891897378721,0.773020313361504,1.11062922282057,0.058823529411764705,9.215718466126788e-19,greater,mild outlier
5494,5561,68,1304,PIP,pip,-0.11403604456894238,-0.7755064334331164,-0.741416610442704,-0.12573054863605648,-0.8951958548277617,-0.779796956514474,1.0789407017984958,1.1938455020438647,0.11490480024536898,0.998939414156624,0.6367554257750578,0.7601876009635787,0.08823529411764705,3.088620938868081e-17,greater,mild outlier
5494,5561,68,1302,PIP,pip,0.882343510596721,-0.19563581889500467,-1.174479829357592,0.9912867033854127,-0.1973806811729446,-1.154893205180997,1.4819602943043728,1.5347269388989857,0.05276664459461289,0.9979179206384047,0.7754340769152064,1.1900795671820352,0.2647058823529412,1.0167485039666578e-10,greater,within range
5494,5561,68,131,ASP,residue,-0.8451710023027637,-0.8780533971626368,-1.2308020851533137,-0.9751071380451322,-1.2162966188043356,-0.8552122823894024,1.7320986011829842,1.7780887051919312,0.045990104008946986,0.9561266483930733,0.44815898015407085,0.7968664207422882,0.823529411764706,0.1420713794263756,greater,within range
5494,5561,68,456,ASN,residue,-0.1978163064749383,0.13054651167910936,0.17547145699943179,-0.21319859102368355,-0.15869769174605608,-0.0818100143224001,0.2948964479956888,0.2780853736237155,-0.016811074371973322,0.0865957571857077,0.2546546043256512,0.07081572078889814,1.0,1.0,greater,within range
5494,5561,68,781,ASN,residue,0.20293294913621981,-0.13364660179020085,0.26130041126995834,0.030841296538710594,-0.27444771490991116,-0.1611081138253212,0.35682082470764154,0.31973200986421924,-0.0370888148434223,0.007363705212989281,0.49390777175644995,0.1579181245512478,0.9411764705882354,0.6254068289416483,less,within range
