system,resid,pdb_label,pdb_chain,channel_type,com_to_sf_com_distance_mean,com_to_sf_com_distance_variance,com_to_sf_com_distance_min,com_to_sf_com_distance_max,com_to_sf_com_distance_range,fraction_below_threshold,drop_frame,threshold_crossings
1,98,E152.A,A,G2,11.072803952224627,0.209691237220693,10.207473514515312,13.353230310446149,3.1457567959308363,92.38235294117646,335,142
1,426,E152.B,B,G2,11.662632278410685,0.47888022111893114,10.224557120459396,13.734099154748236,3.50954203428884,47.661764705882355,2493,268
1,754,E152.C,C,G2,11.159033724268069,0.17096452805967535,10.28291496089682,13.621255511995033,3.338340551098213,87.69117647058823,259,370
1,1082,E152.D,D,G2,11.464633575334853,0.5588317550500825,10.152800088015796,13.402942842004586,3.25014275398879,61.6764705882353,2522,64
2,98,E152.A,A,G2,11.0429859012958,0.105899036456608,9.73268584443739,13.172036778106047,3.439350933668658,90.91176470588235,32,365
2,426,E152.B,B,G2,11.604745791865861,0.4361688504812267,10.241979682066765,13.621514516730617,3.3795348346638523,49.838235294117645,752,537
2,754,E152.C,C,G2,11.413868105102752,0.4286724451564711,10.233693793075537,13.446490956638073,3.212797163562536,68.35294117647058,1633,254
2,1082,E152.D,D,G2,11.288348614934401,0.3400722397801738,10.12372420834432,13.332576346773868,3.208852138429547,69.11764705882352,790,193
3,98,E152.A,A,G2,11.37455618720237,0.3014129109613723,10.319476160230945,13.700949675046843,3.381473514815898,71.6764705882353,436,689
3,426,E152.B,B,G2,11.757700322091559,0.5144895267210984,9.522077700995823,13.26872032720187,3.7466426262060466,37.838235294117645,1309,213
3,754,E152.C,C,G2,12.050247252327493,0.20395107410317023,10.315282150713394,13.238434381524568,2.9231522308111746,11.76470588235294,1900,391
3,1082,E152.D,D,G2,11.752539962825418,0.25865831635147696,10.256650277378734,13.298463675858525,3.041813398479791,31.676470588235293,1889,880
4,98,E152.A,A,G2,11.550208143804912,0.40510513122708824,10.360892851970515,13.066211586221367,2.7053187342508522,52.64705882352941,477,318
4,426,E152.B,B,G2,11.43253406585111,0.44581242721204295,10.106351462564001,13.434354121094202,3.3280026585302007,63.897058823529406,1389,289
4,754,E152.C,C,G2,11.285725389462018,0.25239304487529224,9.839806640018718,13.403354224775764,3.563547584757046,70.51470588235294,213,801
4,1082,E152.D,D,G2,12.055031182761283,0.333068471270194,10.458461581876309,13.210224250652074,2.751762668775765,22.735294117647058,5149,95
5,98,E152.A,A,G2,11.816183681548727,0.32339336694138987,10.047809335484429,13.211981287070433,3.1641719515860043,26.735294117647058,1223,523
5,426,E152.B,B,G2,11.46084368420406,0.2100573864927057,10.07678675141917,13.415641501940232,3.3388547505210617,55.10294117647059,716,770
5,754,E152.C,C,G2,11.659899180215469,0.5332316102033693,10.03256223024414,13.73325029898893,3.700688068744789,48.17647058823529,2644,298
5,1082,E152.D,D,G2,11.284743289487734,0.34783291900357044,10.146163361386463,13.353104231102531,3.2069408697160675,78.63235294117648,630,361
6,98,E152.A,A,G2,11.544842023315423,0.5944974019290261,10.228511041555766,13.721086059365001,3.4925750178092354,64.47058823529412,1264,557
6,426,E152.B,B,G2,11.383149176109457,0.44410695782928206,9.939514009282066,13.457424919707632,3.5179109104255666,59.36764705882352,1027,317
6,754,E152.C,C,G2,11.226356738160844,0.3495880027384377,10.268130053911175,13.812696152232741,3.5445660983215657,82.44117647058825,501,350
6,1082,E152.D,D,G2,11.485704197833535,0.42493269892379143,10.243960654040707,13.427228962628668,3.1832683085879605,62.617647058823536,1081,347
7,98,E152.A,A,G2,11.472419236087942,0.4995384127055316,9.924217521039136,13.525890152396027,3.601672631356891,65.52941176470588,1913,218
7,426,E152.B,B,G2,11.31585904731777,0.6191531990629094,10.085250032812395,13.938600844820296,3.8533508120079016,69.26470588235294,524,257
7,754,E152.C,C,G2,11.342785624639236,0.466102802402918,10.019536891738486,13.91163532475785,3.8920984330193633,73.61764705882354,673,584
7,1082,E152.D,D,G2,11.244212953812209,0.6016946140598693,9.77597165733121,13.738064788208401,3.962093130877191,71.1029411764706,1487,114
8,98,E152.A,A,G2,11.49291446250283,0.30096852532221485,10.402337958700828,13.458321942316251,3.0559839836154232,56.10294117647059,1023,441
8,426,E152.B,B,G2,11.34875885276238,0.25724544149823203,10.02382194534715,13.741949193310816,3.7181272479636664,72.89705882352942,351,602
8,754,E152.C,C,G2,11.202683557922684,0.3072875710818578,10.060624498310638,13.50956784386917,3.4489433455585328,78.33823529411764,330,192
8,1082,E152.D,D,G2,11.070967678059182,0.1952849491467682,9.688763017311251,12.816160281848347,3.1273972645370964,84.04411764705883,18,407
9,99,E141.D,D,G12,12.140522688689495,0.28806339377922874,10.374600176808853,13.522301055320746,3.147700878511893,14.544117647058824,1999,299
9,424,E152.C,C,G12,11.56475328189095,0.383892257952418,9.836958491917223,13.360855925925105,3.523897434007882,46.911764705882355,1159,174
9,749,E152.B,B,G12,10.785373019688421,0.18101693700552815,9.631574713758642,12.79018846080628,3.1586137470476388,93.98529411764706,211,55
9,1074,E152.A,A,G12,10.97926940078979,0.36450648504616995,9.426094161025443,13.507668531801949,4.081574370776506,90.47058823529412,362,118
10,98,E152.A,A,G2_FD,11.808665680004886,0.20797054034680842,10.240936914132025,13.311679240764,3.0707423266319758,21.235294117647058,420,536
10,426,E152.B,B,G2_FD,12.138038639504863,0.35723939795665594,9.948420065668394,13.489820281192157,3.5414002155237636,13.264705882352942,3525,113
10,754,E152.C,C,G2_FD,11.666563217912673,0.16584564440315155,10.070991358318512,13.180901421785894,3.1099100634673817,29.38235294117647,497,558
10,1082,E152.D,D,G2_FD,11.490294115047538,0.6119414709403007,9.940137451279483,13.351329279149747,3.4111918278702635,58.77941176470588,2350,253
