system,resid,pdb_label,pdb_chain,channel_type,radial_distance_mean,radial_distance_variance,radial_distance_min,radial_distance_max,radial_distance_range,fraction_below_threshold,drop_frame,threshold_crossings
1,98,E152.A,A,G2,10.449805648791953,0.3441427422494632,9.401790215327058,13.34331647860386,3.9415262632768027,93.77941176470588,335,70
1,426,E152.B,B,G2,11.550817370398303,0.5621756849390845,10.05027133548921,13.685749194791565,3.6354778593023553,36.661764705882355,2596,541
1,754,E152.C,C,G2,10.436460982700751,0.3072849707842235,9.409888310146526,13.619009369268637,4.209121059122111,93.1029411764706,329,33
1,1082,E152.D,D,G2,11.235251937289538,0.8171836833825772,9.823815833468775,13.32356087496446,3.499745041495686,60.42647058823529,2537,121
2,98,E152.A,A,G2,10.431036426319368,0.2884703988690333,8.556567325250308,13.150599278702703,4.5940319534523955,88.73529411764706,69,332
2,426,E152.B,B,G2,11.412460049434515,0.5719576747007787,9.873047994534463,13.615362747059015,3.7423147525245515,38.838235294117645,753,586
2,754,E152.C,C,G2,10.786199402998523,0.8976171603044748,9.274536874792377,13.443498320515676,4.1689614457232995,72.88235294117648,1633,18
2,1082,E152.D,D,G2,10.814365072299527,0.7041288754546485,9.329386481714542,13.296330585164297,3.9669441034497552,68.73529411764706,1205,65
3,98,E152.A,A,G2,11.01604087789751,0.4480742353989741,9.6787071018676,13.697472489905172,4.018765388037572,62.36764705882353,436,741
3,426,E152.B,B,G2,11.579934909614952,0.8052894041360993,9.44186025327832,13.25852340793898,3.8166631546606613,33.705882352941174,2984,133
3,754,E152.C,C,G2,11.856613653039261,0.379760836658581,9.550782298998978,13.222477417492739,3.6716951184937603,10.691176470588236,2455,276
3,1082,E152.D,D,G2,11.66943105885711,0.31606092712752926,9.888461203761869,13.291249457827615,3.4027882540657455,9.911764705882353,1952,276
4,98,E152.A,A,G2,11.341999900548537,0.6267668595351673,9.75057022902736,13.05671556902317,3.30614533999581,47.42647058823529,1827,373
4,426,E152.B,B,G2,11.01586610669984,0.758292612178133,9.314867569654075,13.383283062006042,4.068415492351967,64.77941176470588,1390,259
4,754,E152.C,C,G2,10.890563717375137,0.4758834755961616,8.778142334206828,13.397537110429758,4.619394776222929,57.94117647058824,213,643
4,1082,E152.D,D,G2,11.814940204059608,0.7809078674508555,8.960886203797463,13.20923678033122,4.248350576533758,24.22058823529412,5149,5
5,98,E152.A,A,G2,11.567629370286655,0.5593624484342996,9.309537450804253,13.200601113888196,3.8910636630839424,21.102941176470587,1880,248
5,426,E152.B,B,G2,10.80226417906731,0.5211037775893335,8.740467560481406,13.410787182881398,4.670319622399992,67.88235294117648,790,395
5,754,E152.C,C,G2,11.431382564014001,0.8273089452543054,9.582538575998214,13.701059726242457,4.118521150244243,44.85294117647059,2911,339
5,1082,E152.D,D,G2,10.694273394945576,0.7223312097418637,8.635517812340058,13.332901531047112,4.697383718707053,80.30882352941177,641,205
6,98,E152.A,A,G2,11.286530893643913,0.8256980879254994,9.703932938178959,13.706774210340852,4.002841272161893,52.19117647058824,1264,672
6,426,E152.B,B,G2,11.12207591283238,0.7161046886648492,9.645971098515695,13.444716193408656,3.7987450948929613,53.01470588235294,1050,182
6,754,E152.C,C,G2,10.660687897382283,0.5766424430591985,9.256259665531815,13.693168622794602,4.436908957262787,84.13235294117646,501,218
6,1082,E152.D,D,G2,11.073396599252579,0.7655734234769128,9.498336753726887,13.42607821654864,3.9277414628217535,65.08823529411765,1090,257
7,98,E152.A,A,G2,10.704392127229017,1.422551525464118,8.831604393499548,13.524948061952829,4.693343668453281,68.47058823529412,1913,77
7,426,E152.B,B,G2,11.01867518662795,0.7937901818866737,9.634670723523953,13.911028314865337,4.276357591341384,67.76470588235294,525,248
7,754,E152.C,C,G2,10.470218897871613,1.1064759588776072,8.466602889620846,13.907625608707804,5.441022719086957,80.27941176470588,704,228
7,1082,E152.D,D,G2,10.841244863256199,0.988808873315499,9.262923241098882,13.708618773095449,4.4456955319965665,70.66176470588236,1643,62
8,98,E152.A,A,G2,11.174665540567755,0.5689992129656717,9.327715124402681,13.455534684669027,4.127819560266346,52.279411764705884,1042,200
8,426,E152.B,B,G2,10.970874247732572,0.39499874238774646,9.782876377885685,13.741907474854807,3.959031096969122,68.55882352941177,351,485
8,754,E152.C,C,G2,10.811119426804849,0.5099865923109249,9.607465269483175,13.505827882585779,3.898362613102604,76.91176470588236,330,152
8,1082,E152.D,D,G2,10.70570820428531,0.29622303240978354,9.334776960788519,12.809860685118023,3.4750837243295045,76.94117647058823,357,387
9,99,E141.D,D,G12,11.907826615921508,0.6090197626230397,9.543967895052829,13.451845991317663,3.9078780962648345,20.205882352941178,5274,109
9,424,E152.C,C,G12,11.065199153238035,0.9598588156885841,8.789704163037767,13.24938444859228,4.459680285554514,49.30882352941177,1685,35
9,749,E152.B,B,G12,10.22026696883617,0.28070785981591867,9.161931568259556,12.661534638394503,3.499603070134947,94.35294117647058,357,13
9,1074,E152.A,A,G12,10.475693508460482,0.5625773645083294,8.609744669489011,13.43050879953148,4.82076413004247,90.33823529411765,465,93
10,98,E152.A,A,G2_FD,11.386511941696273,0.36588454460533754,9.368363523884666,13.210830658650199,3.842467134765533,26.30882352941176,435,569
10,426,E152.B,B,G2_FD,12.08031419398775,0.45691770954859307,9.444027429596405,13.453056170219746,4.009028740623341,10.426470588235293,5787,122
10,754,E152.C,C,G2_FD,11.25301448667431,0.449216561844259,8.790926009849715,13.155686796329055,4.364760786479341,32.4264705882353,642,209
10,1082,E152.D,D,G2_FD,11.194488816218033,0.9737049912715355,9.370490472215346,13.349038286166675,3.9785478139513284,56.48529411764706,2354,260
