ion_id,total_frames,N184.A_pct,N184.C_pct,N184.B_pct,E152.B_pct,E152.D_pct,N184.D_pct,E152.C_pct,E152.A_pct,N184.A_count,N184.C_count,N184.B_count,E152.B_count,E152.D_count,N184.D_count,E152.C_count,E152.A_count
2400_1,573,11.8673647469459,24.43280977312391,19.19720767888307,20.069808027923212,8.55148342059337,8.37696335078534,3.1413612565445024,3.8394415357766145,68.0,140.0,110.0,115.0,49.0,48.0,18.0,22.0
2399_1,646,17.647058823529413,19.5046439628483,13.157894736842104,11.91950464396285,10.371517027863778,10.526315789473683,4.643962848297214,11.91950464396285,114.0,126.0,85.0,77.0,67.0,68.0,30.0,77.0
2398_1,434,18.663594470046082,17.972350230414747,18.433179723502306,8.064516129032258,9.90783410138249,9.67741935483871,13.82488479262673,3.4562211981566824,81.0,78.0,80.0,35.0,43.0,42.0,60.0,15.0
2397_1,398,15.07537688442211,13.316582914572864,11.557788944723619,12.562814070351758,11.809045226130653,8.542713567839195,8.542713567839195,18.592964824120603,60.0,53.0,46.0,50.0,47.0,34.0,34.0,74.0
2276_1,114,23.684210526315788,21.052631578947366,12.280701754385964,20.175438596491226,3.508771929824561,10.526315789473683,6.140350877192982,2.631578947368421,27.0,24.0,14.0,23.0,4.0,12.0,7.0,3.0
2520_1,165,11.515151515151516,8.484848484848486,10.909090909090908,4.848484848484849,4.242424242424243,10.303030303030303,12.727272727272727,1.2121212121212122,19.0,14.0,18.0,8.0,7.0,17.0,21.0,2.0
2223_1,260,13.076923076923078,11.538461538461538,3.076923076923077,0.38461538461538464,14.23076923076923,41.53846153846154,12.692307692307692,0.38461538461538464,34.0,30.0,8.0,1.0,37.0,108.0,33.0,1.0
2391_1,43,6.976744186046512,2.3255813953488373,2.3255813953488373,4.651162790697675,9.30232558139535,11.627906976744185,9.30232558139535,2.3255813953488373,3.0,1.0,1.0,2.0,4.0,5.0,4.0,1.0
2333_1,461,16.268980477223426,5.856832971800434,11.279826464208242,14.099783080260304,9.97830802603037,4.772234273318872,15.61822125813449,22.125813449023862,75.0,27.0,52.0,65.0,46.0,22.0,72.0,102.0
2247_1,6,0.0,66.66666666666666,16.666666666666664,0.0,0.0,16.666666666666664,0.0,0.0,0.0,4.0,1.0,0.0,0.0,1.0,0.0,0.0
2372_1,450,9.11111111111111,10.444444444444445,11.11111111111111,22.88888888888889,7.777777777777778,5.555555555555555,14.888888888888888,17.333333333333336,41.0,47.0,50.0,103.0,35.0,25.0,67.0,78.0
2231_1,2,0.0,0.0,0.0,100.0,0.0,0.0,0.0,0.0,0.0,0.0,0.0,2.0,0.0,0.0,0.0,0.0
2381_1,8,0.0,12.5,12.5,37.5,12.5,0.0,12.5,12.5,0.0,1.0,1.0,3.0,1.0,0.0,1.0,1.0
2343_1,224,11.160714285714286,8.035714285714286,16.517857142857142,14.285714285714285,13.839285714285715,7.142857142857142,14.285714285714285,14.732142857142858,25.0,18.0,37.0,32.0,31.0,16.0,32.0,33.0
2334_1,78,2.564102564102564,1.282051282051282,6.41025641025641,5.128205128205128,67.94871794871796,10.256410256410255,6.41025641025641,0.0,2.0,1.0,5.0,4.0,53.0,8.0,5.0,0.0
2230_1,34,20.588235294117645,11.76470588235294,5.88235294117647,41.17647058823529,0.0,14.705882352941178,5.88235294117647,0.0,7.0,4.0,2.0,14.0,0.0,5.0,2.0,0.0
2515_1,21,9.523809523809524,33.33333333333333,14.285714285714285,0.0,0.0,33.33333333333333,9.523809523809524,0.0,2.0,7.0,3.0,0.0,0.0,7.0,2.0,0.0
2280_1,41,4.878048780487805,4.878048780487805,2.4390243902439024,21.951219512195124,7.317073170731707,2.4390243902439024,31.70731707317073,24.390243902439025,2.0,2.0,1.0,9.0,3.0,1.0,13.0,10.0
