ion_id,total_frames,N184.B_pct,E152.B_pct,D173.A_pct,E141.A_pct,N184.C_pct,N184.B_count,E152.B_count,D173.A_count,E141.A_count,N184.C_count,E152.D_pct,N184.D_pct,E152.C_pct,E152.D_count,N184.D_count,E152.C_count
2202_1,131,6.870229007633588,0.7633587786259541,77.09923664122137,14.50381679389313,0.7633587786259541,9.0,1.0,101.0,19.0,1.0,0.0,0.0,0.0,0.0,0.0,0.0
2183_1,461,4.3383947939262475,11.279826464208242,32.10412147505423,11.930585683297181,5.856832971800434,20.0,52.0,148.0,55.0,27.0,13.665943600867678,8.459869848156181,12.364425162689804,63.0,39.0,57.0
2305_1,312,3.5256410256410255,0.641025641025641,32.05128205128205,6.41025641025641,8.653846153846153,11.0,2.0,100.0,20.0,27.0,0.641025641025641,6.089743589743589,41.98717948717949,2.0,19.0,131.0
2280_1,265,18.867924528301888,41.509433962264154,20.0,7.547169811320755,3.7735849056603774,50.0,110.0,53.0,20.0,10.0,0.37735849056603776,7.9245283018867925,0.0,1.0,21.0,0.0
2228_1,17,70.58823529411765,11.76470588235294,5.88235294117647,0.0,5.88235294117647,12.0,2.0,1.0,0.0,1.0,5.88235294117647,0.0,0.0,1.0,0.0,0.0
2197_1,10,10.0,30.0,20.0,0.0,20.0,1.0,3.0,2.0,0.0,2.0,20.0,0.0,0.0,2.0,0.0,0.0
2248_1,235,7.234042553191489,21.70212765957447,12.340425531914894,1.276595744680851,14.468085106382977,17.0,51.0,29.0,3.0,34.0,12.340425531914894,29.78723404255319,0.425531914893617,29.0,70.0,1.0
2438_1,132,12.121212121212121,7.575757575757576,18.181818181818183,3.0303030303030303,15.151515151515152,16.0,10.0,24.0,4.0,20.0,0.7575757575757576,2.272727272727273,40.909090909090914,1.0,3.0,54.0
2289_1,846,11.702127659574469,20.685579196217493,19.858156028368796,8.037825059101655,4.137115839243498,99.0,175.0,168.0,68.0,35.0,15.130023640661939,6.1465721040189125,14.30260047281324,128.0,52.0,121.0
2170_1,389,12.596401028277635,8.997429305912597,17.737789203084834,2.570694087403599,8.226221079691516,49.0,35.0,69.0,10.0,32.0,0.0,4.370179948586118,45.501285347043705,0.0,17.0,177.0
2249_1,434,11.29032258064516,31.336405529953915,27.64976958525346,10.599078341013826,3.225806451612903,49.0,136.0,120.0,46.0,14.0,0.0,0.6912442396313364,15.207373271889402,0.0,3.0,66.0
2269_1,42,26.190476190476193,28.57142857142857,21.428571428571427,16.666666666666664,4.761904761904762,11.0,12.0,9.0,7.0,2.0,0.0,2.380952380952381,0.0,0.0,1.0,0.0
2439_1,868,2.6497695852534564,5.529953917050691,2.880184331797235,1.0368663594470047,1.2672811059907834,23.0,48.0,25.0,9.0,11.0,64.63133640552995,21.313364055299537,0.6912442396313364,561.0,185.0,6.0
2263_1,1,0.0,0.0,100.0,0.0,0.0,0.0,0.0,1.0,0.0,0.0,0.0,0.0,0.0,0.0,0.0,0.0
2308_1,240,7.916666666666666,1.6666666666666667,36.25,9.583333333333334,5.416666666666667,19.0,4.0,87.0,23.0,13.0,0.8333333333333334,2.9166666666666665,35.41666666666667,2.0,7.0,85.0
2224_1,102,15.686274509803921,57.84313725490197,3.9215686274509802,1.9607843137254901,9.803921568627452,16.0,59.0,4.0,2.0,10.0,0.0,9.803921568627452,0.9803921568627451,0.0,10.0,1.0
2441_1,24,33.33333333333333,8.333333333333332,16.666666666666664,0.0,4.166666666666666,8.0,2.0,4.0,0.0,1.0,16.666666666666664,0.0,12.5,4.0,0.0,3.0
2256_1,57,12.280701754385964,1.7543859649122806,38.59649122807017,24.561403508771928,10.526315789473683,7.0,1.0,22.0,14.0,6.0,0.0,5.263157894736842,7.017543859649122,0.0,3.0,4.0
2217_1,995,3.2160804020100504,1.6080402010050252,20.7035175879397,13.467336683417086,3.1155778894472363,32.0,16.0,206.0,134.0,31.0,1.9095477386934674,2.3115577889447234,53.66834170854271,19.0,23.0,534.0
2186_1,95,29.47368421052631,33.68421052631579,22.105263157894736,0.0,6.315789473684211,28.0,32.0,21.0,0.0,6.0,1.0526315789473684,7.368421052631578,0.0,1.0,7.0,0.0
2178_1,22,36.36363636363637,0.0,13.636363636363635,0.0,27.27272727272727,8.0,0.0,3.0,0.0,6.0,0.0,13.636363636363635,9.090909090909092,0.0,3.0,2.0
2197_2,63,6.349206349206349,65.07936507936508,3.1746031746031744,1.5873015873015872,7.936507936507936,4.0,41.0,2.0,1.0,5.0,0.0,15.873015873015872,0.0,0.0,10.0,0.0
2201_1,113,4.424778761061947,63.716814159292035,11.504424778761061,0.8849557522123894,8.849557522123893,5.0,72.0,13.0,1.0,10.0,0.8849557522123894,4.424778761061947,4.424778761061947,1.0,5.0,5.0
2210_1,7,14.285714285714285,14.285714285714285,28.57142857142857,0.0,14.285714285714285,1.0,1.0,2.0,0.0,1.0,0.0,14.285714285714285,14.285714285714285,0.0,1.0,1.0
2296_1,143,6.293706293706294,2.097902097902098,53.84615384615385,35.66433566433567,2.097902097902098,9.0,3.0,77.0,51.0,3.0,0.0,0.0,0.0,0.0,0.0,0.0
2438_2,165,14.545454545454545,62.42424242424243,12.727272727272727,3.0303030303030303,1.8181818181818181,24.0,103.0,21.0,5.0,3.0,0.0,5.454545454545454,0.0,0.0,9.0,0.0
2299_1,22,4.545454545454546,4.545454545454546,27.27272727272727,4.545454545454546,18.181818181818183,1.0,1.0,6.0,1.0,4.0,0.0,13.636363636363635,13.636363636363635,0.0,3.0,3.0
1315_1,25,0.0,0.0,76.0,0.0,16.0,0.0,0.0,19.0,0.0,4.0,0.0,4.0,4.0,0.0,1.0,1.0
2202_2,3,0.0,0.0,66.66666666666666,0.0,33.33333333333333,0.0,0.0,2.0,0.0,1.0,0.0,0.0,0.0,0.0,0.0,0.0
2258_1,826,3.14769975786925,8.353510895883778,0.12106537530266344,2.0581113801452786,0.48426150121065376,26.0,69.0,1.0,17.0,4.0,61.138014527845044,24.33414043583535,0.36319612590799033,505.0,201.0,3.0
2199_1,741,12.145748987854251,6.882591093117409,13.225371120107962,6.612685560053981,24.021592442645073,90.0,51.0,98.0,49.0,178.0,7.152496626180836,0.5398110661268556,10.526315789473683,53.0,4.0,78.0
2207_1,183,16.939890710382514,78.14207650273224,0.546448087431694,0.0,1.092896174863388,31.0,143.0,1.0,0.0,2.0,1.092896174863388,2.185792349726776,0.0,2.0,4.0,0.0
2257_1,302,12.251655629139073,10.927152317880795,31.788079470198678,11.920529801324504,9.271523178807946,37.0,33.0,96.0,36.0,28.0,0.33112582781456956,5.298013245033113,18.211920529801322,1.0,16.0,55.0
2192_1,3,33.33333333333333,33.33333333333333,0.0,0.0,0.0,1.0,1.0,0.0,0.0,0.0,0.0,0.0,33.33333333333333,0.0,0.0,1.0
2177_1,22,13.636363636363635,27.27272727272727,9.090909090909092,0.0,4.545454545454546,3.0,6.0,2.0,0.0,1.0,9.090909090909092,0.0,0.0,2.0,0.0,0.0
2201_2,12,33.33333333333333,8.333333333333332,8.333333333333332,0.0,0.0,4.0,1.0,1.0,0.0,0.0,16.666666666666664,33.33333333333333,0.0,2.0,4.0,0.0
2290_1,36,19.444444444444446,0.0,11.11111111111111,0.0,8.333333333333332,7.0,0.0,4.0,0.0,3.0,5.555555555555555,2.7777777777777777,5.555555555555555,2.0,1.0,2.0
2266_1,49,32.6530612244898,8.16326530612245,22.448979591836736,8.16326530612245,0.0,16.0,4.0,11.0,4.0,0.0,10.204081632653061,0.0,2.0408163265306123,5.0,0.0,1.0
2297_1,54,20.37037037037037,3.7037037037037033,55.55555555555556,5.555555555555555,5.555555555555555,11.0,2.0,30.0,3.0,3.0,0.0,1.8518518518518516,7.4074074074074066,0.0,1.0,4.0
1312_1,965,9.015544041450777,21.139896373056995,12.849740932642487,13.160621761658032,6.321243523316062,87.0,204.0,124.0,127.0,61.0,0.10362694300518134,3.5233160621761654,33.8860103626943,1.0,34.0,327.0
2183_2,68,10.294117647058822,0.0,2.941176470588235,1.4705882352941175,22.058823529411764,7.0,0.0,2.0,1.0,15.0,2.941176470588235,11.76470588235294,48.529411764705884,2.0,8.0,33.0
2169_1,109,21.100917431192663,55.04587155963303,0.9174311926605505,0.0,12.844036697247708,23.0,60.0,1.0,0.0,14.0,0.9174311926605505,7.339449541284404,1.834862385321101,1.0,8.0,2.0
2179_1,8,0.0,12.5,12.5,0.0,62.5,0.0,1.0,1.0,0.0,5.0,0.0,12.5,0.0,0.0,1.0,0.0
2212_1,355,10.985915492957748,2.8169014084507045,23.098591549295776,29.295774647887324,8.169014084507042,39.0,10.0,82.0,104.0,29.0,0.0,8.169014084507042,17.464788732394364,0.0,29.0,62.0
2197_3,125,15.2,1.6,20.8,8.799999999999999,16.8,19.0,2.0,26.0,11.0,21.0,21.6,12.0,0.8,27.0,15.0,1.0
1315_2,11,27.27272727272727,0.0,9.090909090909092,9.090909090909092,36.36363636363637,3.0,0.0,1.0,1.0,4.0,0.0,9.090909090909092,9.090909090909092,0.0,1.0,1.0
2314_1,297,11.11111111111111,2.0202020202020203,20.53872053872054,31.986531986531986,6.0606060606060606,33.0,6.0,61.0,95.0,18.0,0.0,3.0303030303030303,25.252525252525253,0.0,9.0,75.0
2248_2,50,12.0,4.0,18.0,2.0,32.0,6.0,2.0,9.0,1.0,16.0,6.0,12.0,8.0,3.0,6.0,4.0
2229_1,97,14.432989690721648,22.68041237113402,11.34020618556701,14.432989690721648,16.49484536082474,14.0,22.0,11.0,14.0,16.0,1.0309278350515463,5.154639175257731,14.432989690721648,1.0,5.0,14.0
2304_1,117,12.82051282051282,3.418803418803419,15.384615384615385,30.76923076923077,6.837606837606838,15.0,4.0,18.0,36.0,8.0,10.256410256410255,20.51282051282051,0.0,12.0,24.0,0.0
2299_2,265,10.943396226415095,10.943396226415095,13.20754716981132,12.075471698113208,21.88679245283019,29.0,29.0,35.0,32.0,58.0,13.584905660377359,12.452830188679245,1.8867924528301887,36.0,33.0,5.0
2297_2,176,9.659090909090908,31.818181818181817,14.204545454545455,21.022727272727273,1.1363636363636365,17.0,56.0,25.0,37.0,2.0,13.636363636363635,6.25,0.0,24.0,11.0,0.0
2285_1,21,19.047619047619047,33.33333333333333,4.761904761904762,0.0,0.0,4.0,7.0,1.0,0.0,0.0,9.523809523809524,23.809523809523807,9.523809523809524,2.0,5.0,2.0
2239_1,129,6.976744186046512,24.8062015503876,5.426356589147287,0.0,17.829457364341085,9.0,32.0,7.0,0.0,23.0,0.0,22.48062015503876,22.48062015503876,0.0,29.0,29.0
2442_1,36,13.88888888888889,8.333333333333332,25.0,13.88888888888889,16.666666666666664,5.0,3.0,9.0,5.0,6.0,5.555555555555555,11.11111111111111,5.555555555555555,2.0,4.0,2.0
2440_1,815,1.4723926380368098,3.92638036809816,0.245398773006135,0.0,2.208588957055215,12.0,32.0,2.0,0.0,18.0,68.46625766871166,23.43558282208589,0.245398773006135,558.0,191.0,2.0
2228_2,82,12.195121951219512,0.0,29.268292682926827,53.65853658536586,2.4390243902439024,10.0,0.0,24.0,44.0,2.0,1.2195121951219512,0.0,1.2195121951219512,1.0,0.0,1.0
2305_2,217,5.0691244239631335,0.4608294930875576,22.119815668202765,18.433179723502306,16.129032258064516,11.0,1.0,48.0,40.0,35.0,0.0,3.686635944700461,34.10138248847927,0.0,8.0,74.0
2184_1,10,20.0,10.0,0.0,0.0,10.0,2.0,1.0,0.0,0.0,1.0,10.0,30.0,10.0,1.0,3.0,1.0
2322_1,62,22.58064516129032,0.0,3.225806451612903,0.0,9.67741935483871,14.0,0.0,2.0,0.0,6.0,38.70967741935484,22.58064516129032,3.225806451612903,24.0,14.0,2.0
2242_1,26,65.38461538461539,7.6923076923076925,15.384615384615385,3.8461538461538463,3.8461538461538463,17.0,2.0,4.0,1.0,1.0,3.8461538461538463,0.0,0.0,1.0,0.0,0.0
2311_1,472,14.61864406779661,56.355932203389834,12.711864406779661,11.652542372881355,2.9661016949152543,69.0,266.0,60.0,55.0,14.0,0.0,1.694915254237288,0.0,0.0,8.0,0.0
2271_1,440,10.681818181818182,5.227272727272727,29.545454545454547,40.22727272727273,7.727272727272727,47.0,23.0,130.0,177.0,34.0,0.45454545454545453,1.8181818181818181,3.8636363636363633,2.0,8.0,17.0
2307_1,6,33.33333333333333,0.0,0.0,16.666666666666664,33.33333333333333,2.0,0.0,0.0,1.0,2.0,16.666666666666664,0.0,0.0,1.0,0.0,0.0
2206_1,87,27.586206896551722,0.0,20.689655172413794,18.39080459770115,32.18390804597701,24.0,0.0,18.0,16.0,28.0,0.0,1.1494252873563218,0.0,0.0,1.0,0.0
2250_1,182,13.736263736263737,0.5494505494505495,25.82417582417583,10.43956043956044,30.21978021978022,25.0,1.0,47.0,19.0,55.0,3.296703296703297,1.6483516483516485,14.285714285714285,6.0,3.0,26.0
2226_1,469,4.904051172707889,8.528784648187633,16.204690831556505,14.285714285714285,5.970149253731343,23.0,40.0,76.0,67.0,28.0,2.771855010660981,2.1321961620469083,32.19616204690831,13.0,10.0,151.0
2309_1,6,16.666666666666664,0.0,0.0,0.0,16.666666666666664,1.0,0.0,0.0,0.0,1.0,50.0,0.0,16.666666666666664,3.0,0.0,1.0
2282_1,26,3.8461538461538463,3.8461538461538463,26.923076923076923,0.0,7.6923076923076925,1.0,1.0,7.0,0.0,2.0,7.6923076923076925,0.0,11.538461538461538,2.0,0.0,3.0
2200_1,19,0.0,5.263157894736842,10.526315789473683,0.0,52.63157894736842,0.0,1.0,2.0,0.0,10.0,0.0,26.31578947368421,5.263157894736842,0.0,5.0,1.0
2264_1,33,9.090909090909092,9.090909090909092,0.0,3.0303030303030303,30.303030303030305,3.0,3.0,0.0,1.0,10.0,21.21212121212121,6.0606060606060606,9.090909090909092,7.0,2.0,3.0
2443_1,122,13.114754098360656,9.836065573770492,35.24590163934426,35.24590163934426,3.278688524590164,16.0,12.0,43.0,43.0,4.0,0.0,1.639344262295082,1.639344262295082,0.0,2.0,2.0
2189_1,165,19.393939393939394,4.242424242424243,13.939393939393941,8.484848484848486,15.757575757575756,32.0,7.0,23.0,14.0,26.0,2.4242424242424243,4.848484848484849,23.03030303030303,4.0,8.0,38.0
2327_1,5,20.0,0.0,40.0,0.0,20.0,1.0,0.0,2.0,0.0,1.0,20.0,0.0,0.0,1.0,0.0,0.0
2304_2,51,9.803921568627452,84.31372549019608,0.0,1.9607843137254901,1.9607843137254901,5.0,43.0,0.0,1.0,1.0,0.0,1.9607843137254901,0.0,0.0,1.0,0.0
2266_2,6,16.666666666666664,0.0,16.666666666666664,0.0,16.666666666666664,1.0,0.0,1.0,0.0,1.0,16.666666666666664,16.666666666666664,16.666666666666664,1.0,1.0,1.0
