system,resid,pdb_label,pdb_chain,channel_type,min_atom_to_sf_com_distance_mean,min_atom_to_sf_com_distance_variance,min_atom_to_sf_com_distance_min,min_atom_to_sf_com_distance_max,min_atom_to_sf_com_distance_range,fraction_below_threshold,drop_frame,threshold_crossings,kmeans_cluster,dbscan_cluster,is_dbscan_outlier
1,98,E152.A,A,G2,10.682653988233108,0.0539759282284863,9.592108139552176,11.620085943152551,2.0279778036003737,73.72058823529412,0,1101,2,0,False
1,426,E152.B,B,G2,10.878934034718542,0.0935024537897872,9.501330873299484,11.911661124299874,2.4103302510003903,40.544117647058826,41,1078,2,0,False
1,754,E152.C,C,G2,10.79296401733619,0.0663104428532849,9.676512737145211,11.704116522333958,2.027603785188745,53.38235294117647,32,1232,2,0,False
1,1082,E152.D,D,G2,10.75739076519099,0.1232402820003972,9.622200169686264,11.87507367272207,2.252873503035806,55.22058823529412,18,844,2,0,False
2,98,E152.A,A,G2,10.625420107531294,0.1250133759871474,9.25646285905584,11.693568255089597,2.4371053960337576,71.1029411764706,0,962,0,0,False
2,426,E152.B,B,G2,10.908782614242694,0.1202703004461992,9.426553943842928,12.25415152331862,2.827597579475693,39.02941176470589,8,1035,1,0,False
2,754,E152.C,C,G2,10.823797417641824,0.0937196445916266,9.520637252111973,11.90028931754942,2.379652065437446,51.044117647058826,18,1061,2,0,False
2,1082,E152.D,D,G2,10.732532692773791,0.0778168732729612,9.495759814851656,11.7062761464083,2.2105163315566454,62.67647058823529,8,1007,2,0,False
3,98,E152.A,A,G2,10.885082916354996,0.0800398508543539,9.70540213981331,11.787784433180487,2.0823822933671767,40.294117647058826,12,1212,2,0,False
3,426,E152.B,B,G2,10.83485506547534,0.0965857094704231,8.93524780478161,11.762535962026536,2.827288157244924,44.91176470588235,23,932,0,-1,True
3,754,E152.C,C,G2,11.056920806995445,0.0703113181199653,9.79336117155492,11.988674567439649,2.1953133958847264,19.426470588235293,7,822,2,0,False
3,1082,E152.D,D,G2,10.91424739543828,0.0615178906255749,9.702750780322422,11.704585343245755,2.001834562923335,36.5735294117647,2,1030,2,0,False
4,98,E152.A,A,G2,10.89790206118594,0.1225633956025109,9.547938705823324,11.957587118000903,2.409648412177578,40.73529411764706,6,836,2,0,False
4,426,E152.B,B,G2,10.874439598201342,0.115857713870257,9.65736473275232,11.966780928938215,2.3094161961858983,48.044117647058826,13,892,2,0,False
4,754,E152.C,C,G2,10.860850132421785,0.1300182127714741,9.380013613018855,11.74337158876634,2.3633579757474816,42.51470588235294,10,791,2,0,False
4,1082,E152.D,D,G2,11.029881826106935,0.0805802576635605,9.944613501483934,12.095180969062596,2.150567467578661,23.36764705882353,9,824,2,0,False
5,98,E152.A,A,G2,10.939354481089408,0.1071068857326569,9.496133111690492,11.986241314767533,2.4901082030770407,37.70588235294118,4,897,2,0,False
5,426,E152.B,B,G2,10.897107470032768,0.1099338731128365,9.599992263464012,12.051697154729515,2.4517048912655035,40.01470588235294,4,1131,2,0,False
5,754,E152.C,C,G2,10.90400939523458,0.1330589573197635,9.381846358641404,12.119877713249682,2.738031354608278,40.73529411764706,6,782,1,0,False
5,1082,E152.D,D,G2,10.750461094931344,0.0991749448494139,9.5577928439827,11.932611357846538,2.374818513863838,59.647058823529406,4,1093,2,0,False
6,98,E152.A,A,G2,10.859941855692943,0.0828808528196671,9.439417696522003,11.810667616534667,2.371249920012662,44.41176470588235,12,1121,2,0,False
6,426,E152.B,B,G2,10.772176243508754,0.1414538489267194,9.331339817113967,11.797916107525916,2.4665762904119486,55.92647058823529,3,682,0,0,False
6,754,E152.C,C,G2,10.758265568301558,0.0760204506759294,9.612729211777369,11.81708756396984,2.20435835219247,62.4264705882353,9,1089,2,0,False
6,1082,E152.D,D,G2,10.952633623781727,0.1333091877594956,9.780345303423555,12.036231639034265,2.2558863356107075,39.838235294117645,3,839,2,0,False
7,98,E152.A,A,G2,10.748782598525969,0.2009601413005297,9.13650597797899,11.903232109517132,2.7667261315381424,59.25,3,571,1,-1,True
7,426,E152.B,B,G2,10.787648236304085,0.2197726971106288,9.536617926271417,12.430853807247496,2.89423588097608,57.85294117647059,3,611,1,-1,True
7,754,E152.C,C,G2,10.7377933358007,0.1439630100426279,9.175458062144212,12.073072606613136,2.897614544468924,60.5735294117647,3,870,1,-1,True
7,1082,E152.D,D,G2,10.721256231330363,0.1962543453187617,8.854000492693167,11.880944769792253,3.0269442770990853,63.69117647058824,1,480,1,-1,True
8,98,E152.A,A,G2,10.907597228918954,0.0966122906143008,9.652210908069987,11.931284432185198,2.2790735241152102,40.85294117647059,10,1115,2,0,False
8,426,E152.B,B,G2,10.892457053605527,0.0784629088866729,9.437322256205563,11.831196585558017,2.393874329352452,39.16176470588235,1,1297,2,0,False
8,754,E152.C,C,G2,10.74164595852439,0.0984451668112066,9.552974695117683,11.879171045494076,2.3261963503763923,64.42647058823529,35,957,2,0,False
8,1082,E152.D,D,G2,10.597531232757769,0.1036079793430563,9.124531970067542,11.575249817935289,2.450717847867745,76.51470588235294,2,864,0,0,False
9,99,E141.D,D,G12,10.784937991579458,0.0602152784478679,9.685064215576467,11.733648463362355,2.048584247785889,59.44117647058823,29,1107,2,0,False
9,424,E152.C,C,G12,10.81341908625758,0.0973510445712674,9.418873077039317,12.227425256740132,2.808552179700815,49.95588235294118,0,1056,1,0,False
9,749,E152.B,B,G12,10.44546041411549,0.1048743913336549,8.853960673920987,11.539630614997051,2.685669941076066,88.69117647058825,0,481,0,-1,True
9,1074,E152.A,A,G12,10.48240665431019,0.122154039104244,8.887728848906557,11.678680147881783,2.7909512989752283,84.20588235294117,3,487,0,-1,True
10,98,E152.A,A,G2_FD,11.16460533894266,0.1100407565295561,9.70700402648789,12.24825760106899,2.5412535745811,15.426470588235292,2,545,1,-1,True
10,426,E152.B,B,G2_FD,11.05400158964166,0.1998231486627376,9.382853101974352,12.270170394249362,2.887317292275009,32.838235294117645,17,627,1,-1,True
10,754,E152.C,C,G2_FD,10.942782597662683,0.0583443983236281,9.747192681466974,12.031040001400616,2.283847319933642,29.867647058823533,8,1121,2,0,False
10,1082,E152.D,D,G2_FD,10.785155397598784,0.1444705803108913,9.49237146592961,12.009915381311014,2.5175439153814043,49.79411764705882,4,808,1,0,False
