system,resid,pdb_label,pdb_chain,channel_type,radial_distance_mean,radial_distance_variance,radial_distance_min,radial_distance_max,radial_distance_range,fraction_below_threshold,drop_frame,threshold_crossings,kmeans_cluster,dbscan_cluster,is_dbscan_outlier
1,98,E152.A,A,G2,10.449805648791951,0.3441427422494632,9.401790215327058,13.34331647860386,3.9415262632768022,93.77941176470588,335,70,1,0,False
1,426,E152.B,B,G2,11.550817370398304,0.5621756849390845,10.05027133548921,13.685749194791564,3.6354778593023553,36.66176470588236,2596,541,1,0,False
1,754,E152.C,C,G2,10.436460982700751,0.3072849707842235,9.409888310146526,13.619009369268635,4.209121059122111,93.1029411764706,329,33,1,0,False
1,1082,E152.D,D,G2,11.235251937289538,0.8171836833825772,9.823815833468776,13.32356087496446,3.499745041495686,60.42647058823529,2537,121,2,0,False
2,98,E152.A,A,G2,10.431036426319368,0.2884703988690333,8.556567325250308,13.150599278702703,4.594031953452396,88.73529411764706,69,332,0,-1,True
2,426,E152.B,B,G2,11.412460049434516,0.5719576747007787,9.873047994534463,13.615362747059017,3.742314752524552,38.838235294117645,753,586,1,0,False
2,754,E152.C,C,G2,10.786199402998523,0.8976171603044748,9.274536874792377,13.443498320515676,4.1689614457233,72.88235294117648,1633,18,0,0,False
2,1082,E152.D,D,G2,10.814365072299529,0.7041288754546485,9.329386481714542,13.296330585164297,3.9669441034497552,68.73529411764706,1205,65,2,0,False
3,98,E152.A,A,G2,11.01604087789751,0.4480742353989741,9.6787071018676,13.697472489905172,4.018765388037572,62.36764705882353,436,741,1,0,False
3,426,E152.B,B,G2,11.579934909614952,0.8052894041360993,9.44186025327832,13.25852340793898,3.816663154660661,33.705882352941174,2984,133,2,0,False
3,754,E152.C,C,G2,11.85661365303926,0.379760836658581,9.550782298998978,13.22247741749274,3.67169511849376,10.691176470588236,2455,276,2,0,False
3,1082,E152.D,D,G2,11.66943105885711,0.3160609271275292,9.888461203761867,13.291249457827616,3.402788254065745,9.911764705882351,1952,276,2,0,False
4,98,E152.A,A,G2,11.341999900548537,0.6267668595351673,9.75057022902736,13.05671556902317,3.30614533999581,47.42647058823529,1827,373,2,0,False
4,426,E152.B,B,G2,11.01586610669984,0.758292612178133,9.314867569654076,13.383283062006042,4.068415492351967,64.77941176470588,1390,259,2,0,False
4,754,E152.C,C,G2,10.890563717375136,0.4758834755961616,8.778142334206828,13.397537110429758,4.619394776222929,57.94117647058824,213,643,0,1,False
4,1082,E152.D,D,G2,11.814940204059608,0.7809078674508555,8.960886203797463,13.20923678033122,4.248350576533758,24.22058823529412,5149,5,2,-1,True
5,98,E152.A,A,G2,11.567629370286657,0.5593624484342996,9.309537450804251,13.200601113888196,3.8910636630839424,21.102941176470587,1880,248,2,0,False
5,426,E152.B,B,G2,10.80226417906731,0.5211037775893335,8.740467560481406,13.410787182881398,4.670319622399992,67.88235294117648,790,395,0,1,False
5,754,E152.C,C,G2,11.431382564014,0.8273089452543054,9.582538575998214,13.701059726242455,4.118521150244243,44.85294117647059,2911,339,1,0,False
5,1082,E152.D,D,G2,10.694273394945576,0.7223312097418637,8.635517812340058,13.332901531047112,4.697383718707053,80.30882352941177,641,205,0,1,False
6,98,E152.A,A,G2,11.286530893643912,0.8256980879254994,9.70393293817896,13.706774210340852,4.002841272161893,52.19117647058824,1264,672,1,0,False
6,426,E152.B,B,G2,11.12207591283238,0.7161046886648492,9.645971098515696,13.444716193408656,3.798745094892961,53.01470588235294,1050,182,2,0,False
6,754,E152.C,C,G2,10.660687897382283,0.5766424430591985,9.256259665531816,13.693168622794602,4.436908957262787,84.13235294117646,501,218,0,0,False
6,1082,E152.D,D,G2,11.07339659925258,0.7655734234769128,9.498336753726887,13.42607821654864,3.9277414628217535,65.08823529411765,1090,257,2,0,False
7,98,E152.A,A,G2,10.704392127229015,1.422551525464118,8.831604393499548,13.524948061952829,4.693343668453281,68.47058823529412,1913,77,0,-1,True
7,426,E152.B,B,G2,11.01867518662795,0.7937901818866737,9.634670723523952,13.911028314865336,4.276357591341384,67.76470588235294,525,248,1,0,False
7,754,E152.C,C,G2,10.470218897871613,1.1064759588776072,8.466602889620846,13.907625608707804,5.441022719086957,80.27941176470588,704,228,0,-1,True
7,1082,E152.D,D,G2,10.8412448632562,0.988808873315499,9.262923241098882,13.708618773095449,4.445695531996567,70.66176470588236,1643,62,0,0,False
8,98,E152.A,A,G2,11.174665540567757,0.5689992129656717,9.32771512440268,13.455534684669027,4.127819560266346,52.27941176470589,1042,200,2,0,False
8,426,E152.B,B,G2,10.970874247732572,0.3949987423877464,9.782876377885684,13.741907474854807,3.959031096969122,68.55882352941177,351,485,1,0,False
8,754,E152.C,C,G2,10.811119426804847,0.5099865923109249,9.607465269483177,13.50582788258578,3.898362613102604,76.91176470588236,330,152,1,0,False
8,1082,E152.D,D,G2,10.70570820428531,0.2962230324097835,9.33477696078852,12.809860685118023,3.4750837243295045,76.94117647058823,357,387,2,-1,True
9,99,E141.D,D,G12,11.907826615921508,0.6090197626230397,9.543967895052829,13.451845991317663,3.9078780962648345,20.205882352941178,5274,109,2,0,False
9,424,E152.C,C,G12,11.065199153238035,0.959858815688584,8.789704163037767,13.24938444859228,4.459680285554514,49.30882352941177,1685,35,0,1,False
9,749,E152.B,B,G12,10.22026696883617,0.2807078598159186,9.161931568259556,12.661534638394505,3.499603070134947,94.35294117647058,357,13,2,-1,True
9,1074,E152.A,A,G12,10.475693508460482,0.5625773645083294,8.609744669489011,13.43050879953148,4.82076413004247,90.33823529411764,465,93,0,1,False
10,98,E152.A,A,G2_FD,11.386511941696272,0.3658845446053375,9.368363523884666,13.2108306586502,3.842467134765533,26.30882352941176,435,569,2,0,False
10,426,E152.B,B,G2_FD,12.08031419398775,0.456917709548593,9.444027429596405,13.453056170219746,4.009028740623341,10.426470588235292,5787,122,2,0,False
10,754,E152.C,C,G2_FD,11.25301448667431,0.449216561844259,8.790926009849715,13.155686796329055,4.364760786479341,32.4264705882353,642,209,0,1,False
10,1082,E152.D,D,G2_FD,11.194488816218032,0.9737049912715356,9.370490472215346,13.349038286166676,3.978547813951328,56.48529411764706,2354,260,2,0,False
