frame,resid,pdb_label,com_to_sf_com_distance,min_atom_to_sf_com_distance,radial_distance
0,754,E152.C,11.388050498540533,8.231427045988298,11.384095803384955
1,754,E152.C,11.461120839209734,8.54457777320483,11.46111762630122
2,754,E152.C,11.203440865557564,8.156600219749551,11.198990597973191
3,754,E152.C,11.012904789647925,8.096424415053558,11.01127142756871
4,754,E152.C,11.25804114738692,8.600940390696264,11.256951961958725
5,754,E152.C,11.609864510152676,8.74920681455549,11.608564497153356
6,754,E152.C,11.19388760005463,8.368983332251398,11.189969272340166
7,754,E152.C,11.277214165529267,8.597088265461911,11.276911956567394
8,754,E152.C,11.386559993093863,8.582920735279773,11.373706114856727
9,754,E152.C,11.53190885097846,8.690199186675272,11.525990940363052
10,754,E152.C,11.546934921438224,8.813306386763957,11.54433611576948
11,754,E152.C,11.517529026964068,8.865760179471826,11.517449035112419
12,754,E152.C,11.386422447713546,8.661154619772443,11.385454708198912
13,754,E152.C,11.452553229996793,8.703582589430328,11.452523888946754
14,754,E152.C,11.43418678193323,8.4166929481365,11.433981586743759
15,754,E152.C,11.404368541740713,8.441516411705306,11.401079564733019
16,754,E152.C,11.180730720550853,8.51622438428866,11.180632898463376
17,754,E152.C,11.331446338525136,8.475504406403656,11.3252492399058
18,754,E152.C,11.392351685720657,8.421883330828347,11.391646913067964
19,754,E152.C,11.3040560999047,8.59076822153845,11.303809168211794
20,754,E152.C,11.294396523908894,8.593860259232459,11.288364905711408
21,754,E152.C,11.488709438156441,8.980215021979301,11.46922263528297
22,754,E152.C,11.452100386959376,8.744145988595573,11.443488888737049
23,754,E152.C,11.714321340156763,8.952858351562295,11.690230863243128
24,754,E152.C,11.612575449095562,9.000467548463094,11.54202031475255
25,754,E152.C,11.581330298728323,9.086915776682996,11.560520847440788
26,754,E152.C,12.095400709288592,9.610157444250554,12.02532530504236
27,754,E152.C,11.534442902156444,8.75520345302468,11.522030667157239
28,754,E152.C,11.749446330465558,9.087982641554587,11.70269078225523
29,754,E152.C,11.808053976204583,9.32310753874887,11.752453277737676
30,754,E152.C,11.984456650528326,9.415209704135204,11.942641069660885
31,754,E152.C,11.683367438925044,9.026940271476265,11.62901031364262
32,754,E152.C,11.630291614024404,9.19684027847551,11.60453466762721
33,754,E152.C,11.903244356816309,9.296886795506353,11.847669703024462
34,754,E152.C,11.685618159334014,8.829997553463244,11.668757630883707
35,754,E152.C,11.588946175835321,9.142726308231957,11.516293321726371
36,754,E152.C,11.758974907354231,9.364945029707352,11.758938252082503
37,754,E152.C,11.649459686581363,9.196201980352454,11.614627552143958
38,754,E152.C,11.465048704145802,8.756741513108008,11.451692903682652
39,754,E152.C,11.642368177525391,9.049343445112646,11.595919930311764
40,754,E152.C,11.344338003306076,8.70227138919135,11.330340044073564
41,754,E152.C,11.666132426460399,8.879419246096449,11.606427890287408
42,754,E152.C,11.88142049197162,9.230700855564145,11.706103943970023
43,754,E152.C,12.05767467055038,9.810886414652682,11.968821750257353
44,754,E152.C,11.7959721335773,9.34527310439657,11.781753313979836
45,754,E152.C,11.834857179216236,9.342344693589705,11.821003991377166
46,754,E152.C,11.614919324670355,9.081394696160844,11.609879429819195
47,754,E152.C,11.664307584701328,9.175876493097013,11.636333996153525
48,754,E152.C,11.625184610784183,8.892495932851576,11.614722808071171
49,754,E152.C,11.517546268696602,8.811071618299275,11.492639043551927
50,754,E152.C,11.662894775936126,9.010554403920317,11.659613792612012
51,754,E152.C,12.056252161254784,9.717955335275319,12.047883494737615
52,754,E152.C,11.933567299272283,9.690453778916789,11.92566316154859
53,754,E152.C,11.551140386300203,9.444638783955446,11.534614802539373
54,754,E152.C,11.706916848989222,9.000917178424721,11.704201415528741
55,754,E152.C,11.199554045391624,8.753127929094775,11.164215367163967
56,754,E152.C,11.691295053573713,8.754718809097483,11.672632098621296
57,754,E152.C,11.652323554368264,8.833246393926963,11.652323553894933
58,754,E152.C,11.383364333274487,8.38949153999917,11.380913042517355
59,754,E152.C,11.526300297902093,8.929900177333645,11.526284621505825
60,754,E152.C,11.789331877380011,9.09993555477342,11.766504444629685
61,754,E152.C,11.68908216249752,8.449284831372871,11.675663395501596
62,754,E152.C,11.405242449751388,8.57051160309683,11.379299624688796
63,754,E152.C,11.15078650530091,8.597515390745022,11.150351466282979
64,754,E152.C,11.574364040086524,8.759139937748657,11.55220220755403
65,754,E152.C,11.475433016207852,8.955522951010959,11.475264047557529
66,754,E152.C,11.496695794372908,8.817673576718688,11.485305642002599
67,754,E152.C,11.672862806428013,9.091092716087081,11.664361196534992
68,754,E152.C,11.582246316980482,8.939887374775523,11.560785581317406
69,754,E152.C,11.580153572852536,8.520848944568545,11.572439784730925
70,754,E152.C,11.539058442369614,8.700456806963269,11.511828310932142
71,754,E152.C,11.45814502107674,8.72750927305969,11.438667202123389
72,754,E152.C,11.459950837392798,9.072342608509254,11.422905678562792
73,754,E152.C,11.358464560211669,8.879259679467866,11.344314281997345
74,754,E152.C,11.707518396752615,8.796617897596976,11.707197266078968
75,754,E152.C,11.625011502103948,8.775158033780912,11.55074102550706
76,754,E152.C,11.597348553224,8.69202080848342,11.580920317864727
77,754,E152.C,11.475421248852376,8.621170074776918,11.45017632846368
78,754,E152.C,11.514452467463856,8.590988410023474,11.513206085010593
79,754,E152.C,11.477791165347984,8.949112322015075,11.454904256163172
80,754,E152.C,11.74642056665766,9.239781105275382,11.700911101861402
81,754,E152.C,11.735276581910743,8.956304170154816,11.729583729021382
82,754,E152.C,11.403968724811996,8.413366111453787,11.400182120173513
83,754,E152.C,11.278694029772339,8.476321919642125,11.2736568907339
84,754,E152.C,11.309496178712672,8.334116245405141,11.309437108861317
85,754,E152.C,11.332976890233466,8.794671127284388,11.332437369851956
86,754,E152.C,11.280436064272829,8.215695198167534,11.280068913171215
87,754,E152.C,11.321897424932972,8.46623951282445,11.321604443998757
88,754,E152.C,11.429080126320917,8.754892421921195,11.428843228423993
89,754,E152.C,11.35930363818247,8.45032887248253,11.355991132588438
90,754,E152.C,11.64800425352732,9.015944277341202,11.628483441765303
91,754,E152.C,11.516512343188536,8.485632986563429,11.506889804278622
92,754,E152.C,11.516895901279582,8.679040109871801,11.51453041368347
93,754,E152.C,11.101674450073208,8.10821590563274,11.098419396973485
94,754,E152.C,11.519408513040496,8.703013745856055,11.518791284303402
95,754,E152.C,11.488599888957598,8.553321122786796,11.468874583669942
96,754,E152.C,11.431500669100238,8.320994951289524,11.424926736340154
97,754,E152.C,11.596212824313236,8.506654904891144,11.588149500744578
98,754,E152.C,11.440070302287445,8.267259525118012,11.436644714570706
99,754,E152.C,11.409237660468516,8.396783396602682,11.405908913994141
100,754,E152.C,11.548471700119858,8.734705257872639,11.531895038501867
101,754,E152.C,11.60368837274849,8.688527474901163,11.6036667782796
102,754,E152.C,11.525051445331654,8.514875639079328,11.516792391848488
103,754,E152.C,11.582009677372133,8.68494814745198,11.579091935053997
104,754,E152.C,11.847199200118746,8.822395941804915,11.847198926782545
105,754,E152.C,11.451391064600942,8.474480210753631,11.447729724495161
106,754,E152.C,11.637692460819583,8.677321932175797,11.637474320487673
107,754,E152.C,11.858353993906185,9.283033280760161,11.84555563832881
108,754,E152.C,11.496597597263397,8.44151058621086,11.48119859679157
109,754,E152.C,11.58620826796558,8.459750634094192,11.576192766177861
110,754,E152.C,11.524088168907008,8.451154653054829,11.522820416806113
111,754,E152.C,11.65006194941829,8.703496418457819,11.648721829559276
112,754,E152.C,11.819213670426171,8.993767316545167,11.774737488261303
113,754,E152.C,11.6482848938485,8.658900703623187,11.648091159550749
114,754,E152.C,11.560157180100113,8.734535153491407,11.549941995809597
115,754,E152.C,11.285050681058886,8.495333669999233,11.278074341549111
116,754,E152.C,11.611555551332,8.415679047607243,11.608583180692088
117,754,E152.C,11.582915028791827,8.487735037534602,11.582756351909255
118,754,E152.C,11.475057388737897,8.78556813777865,11.467368612116015
119,754,E152.C,11.710044352807959,9.076260679823624,11.71002761636336
120,754,E152.C,11.546900667025566,8.597134286328489,11.546885676342246
121,754,E152.C,11.631656609283398,8.848938741805805,11.631590840952809
122,754,E152.C,11.627154489055307,8.635104588318416,11.626465871794505
123,754,E152.C,11.710097562892877,8.566213046076733,11.688096525661724
124,754,E152.C,11.27789647919714,8.278824702737493,11.274481533717214
125,754,E152.C,11.20404974893011,8.145785091803095,11.198311974018495
126,754,E152.C,11.345914795314874,8.034951061817505,11.344405257979282
127,754,E152.C,11.482932688809711,8.588512180209213,11.482464519570492
128,754,E152.C,11.595959270866526,8.708622199423878,11.593401801636503
129,754,E152.C,11.19787576217991,8.263203149928753,11.194776003649965
130,754,E152.C,11.19180976161395,8.141228749328757,11.18695616735311
131,754,E152.C,11.336134737155069,8.458526634615586,11.320723665186762
132,754,E152.C,11.262911445868024,8.119763144978748,11.256818165558267
133,754,E152.C,10.879143913656778,8.747872023629801,10.878690260063632
134,754,E152.C,10.94357622760087,8.300572152719084,10.94334288580962
135,754,E152.C,11.052822985742994,8.510012449256799,11.048664755919223
136,754,E152.C,11.125187360886844,8.348461080620801,11.123525432427765
137,754,E152.C,11.141687484478778,8.112664493634254,11.129266275554691
138,754,E152.C,11.231025100993453,8.45652888326591,11.231011025150114
139,754,E152.C,11.306403086206517,8.474599912192067,11.304709949884433
140,754,E152.C,11.340514309510025,8.293073162614121,11.340424549740094
141,754,E152.C,11.501430254982976,8.482434096878713,11.496010979308895
142,754,E152.C,11.249502023701798,8.657673065485886,11.190523985291446
143,754,E152.C,11.841021906842712,8.777513157064002,11.8408801097785
144,754,E152.C,11.591591140243068,8.632509011517302,11.580027631285713
145,754,E152.C,11.496352041225235,8.367903355367332,11.49221470885387
146,754,E152.C,11.508492138283563,8.433323858485977,11.507576232159172
147,754,E152.C,11.770957005821154,8.77505248683654,11.770906173240745
148,754,E152.C,11.587084072786208,8.344902313539164,11.585163321753619
149,754,E152.C,11.577335070893332,8.8583034452818,11.57574347640077
150,754,E152.C,11.43326748671637,8.498817945657612,11.432277584393807
151,754,E152.C,11.363849142591503,8.472636114121672,11.363847737393641
152,754,E152.C,11.694094328827251,8.831648300737728,11.687407371114624
153,754,E152.C,11.511422628112886,8.687632525616664,11.503004207649271
154,754,E152.C,11.68910897033399,8.73604030417504,11.68734016721933
155,754,E152.C,11.650222990962444,8.352439637101792,11.637517734925188
156,754,E152.C,11.784894470044563,8.782611856039924,11.784700631976607
157,754,E152.C,11.357522167145916,8.43934150118396,11.354700411092576
158,754,E152.C,11.39429585295041,8.402829867896587,11.384338093800574
159,754,E152.C,11.408598469508608,8.36393167621032,11.405606786430015
160,754,E152.C,11.647411589928899,8.718143368541591,11.646106233625257
161,754,E152.C,11.50482111733907,8.465443583314288,11.491982997705884
162,754,E152.C,11.017987539741966,8.248140885825757,11.017973537693589
163,754,E152.C,11.697783087275251,9.310910064590159,11.69368049345479
164,754,E152.C,11.650291401983976,8.706633881636051,11.641381511157824
165,754,E152.C,11.664495155892583,9.036295821711686,11.657248206357021
166,754,E152.C,11.72208107218202,8.819411615915335,11.710344081821424
167,754,E152.C,11.61589843113622,8.771399068187884,11.615798266100683
168,754,E152.C,11.373365013666055,8.7603316877484,11.371785279771467
169,754,E152.C,11.696629887100839,8.899384511120859,11.696296559076755
170,754,E152.C,11.358927271779107,8.594997701268587,11.357066663821508
171,754,E152.C,11.354756687851072,8.802827465652747,11.354074221303147
172,754,E152.C,11.671444908983275,9.08569761770266,11.666424268468903
173,754,E152.C,11.458744888677673,8.763596658150691,11.45848922768762
174,754,E152.C,11.55575007571383,8.803446044896857,11.54759479014754
175,754,E152.C,11.698917387063855,8.980819743734365,11.695841867583981
176,754,E152.C,11.343895507608579,8.864125374594401,11.343886727043849
177,754,E152.C,11.806824196399926,8.817212117199047,11.797648822173143
178,754,E152.C,11.49810045540019,8.431651369305502,11.483663249220847
179,754,E152.C,11.38212865269259,8.262711293636032,11.370630734605259
180,754,E152.C,11.550893606774117,8.778713666491383,11.532828290317635
181,754,E152.C,11.408917167582317,8.433126530727343,11.384716907640732
182,754,E152.C,11.420234229180945,8.68904295073314,11.407247733888559
183,754,E152.C,11.492417400008998,8.480098310315904,11.488235012904715
184,754,E152.C,11.313426731465919,8.56237528171563,11.29810109533381
185,754,E152.C,11.719984660683542,9.143972912159676,11.713892128672864
186,754,E152.C,11.455174684405597,8.399428557153929,11.444083072790617
187,754,E152.C,11.263851362674082,8.41793756296111,11.212834772085655
188,754,E152.C,11.577545795705449,9.16737183893589,11.565684358720743
189,754,E152.C,11.298729216701915,8.451223827048144,11.297181921613632
190,754,E152.C,11.426562032797335,9.066995205130421,11.416357306453913
191,754,E152.C,11.18962606666758,8.618511576457895,11.189388993500236
192,754,E152.C,11.050761057539077,8.647771331793887,11.050757027063261
193,754,E152.C,11.313618135577268,8.87258305528893,11.294161229871415
194,754,E152.C,11.463329852320852,9.041243220999172,11.458466893215062
195,754,E152.C,11.705431339304713,9.265819883187469,11.692099093294248
196,754,E152.C,11.229448197604443,8.4016849769803,11.168098261071842
197,754,E152.C,11.506982721077213,8.805218687013411,11.502286929372001
198,754,E152.C,11.475039683179574,8.873355303208674,11.431316383563605
199,754,E152.C,11.50493433226976,8.981966365178078,11.486171320373959
200,754,E152.C,11.152169386814847,8.56814545257551,11.150290647717881
201,754,E152.C,11.293852961407376,8.90559509545119,11.293164624794205
202,754,E152.C,11.545998197587148,8.88274456194869,11.545711286104961
203,754,E152.C,11.472732383763455,8.777072627981628,11.469274951534345
204,754,E152.C,11.371481282675898,8.533905639797418,11.369332302302377
205,754,E152.C,11.35333720035375,8.692848632212657,11.353258917152338
206,754,E152.C,11.34819383079623,8.807874990640343,11.347103616770392
207,754,E152.C,11.387872545343514,8.8454270277099,11.375626340895051
208,754,E152.C,11.343539717219036,8.837093862532033,11.339833181147744
209,754,E152.C,11.223029673531993,8.32312907534855,11.222993411112801
210,754,E152.C,11.146828258752581,8.567324448609146,11.137184813841852
211,754,E152.C,11.240357140813568,8.316495825275164,11.234702082600037
212,754,E152.C,11.179371791356782,8.576680391908589,11.17009852100134
213,754,E152.C,10.652947781806361,8.713013866171499,10.637000315227905
214,754,E152.C,10.782696739905319,8.876926396863013,10.695787549363079
215,754,E152.C,10.579750410315091,8.358256851579258,10.573908428855097
216,754,E152.C,10.556771840485506,8.52497087889598,10.541070170636514
217,754,E152.C,10.55365255891645,8.471650349258582,10.514007604265675
218,754,E152.C,10.712181690483193,8.368408416867398,10.678742547962397
219,754,E152.C,10.530002276400486,8.29808793383318,10.50761988381873
220,754,E152.C,10.807290933395969,8.881323258982533,10.807259859345269
221,754,E152.C,10.59816013060075,8.56798686975128,10.534657233455295
222,754,E152.C,10.549718206332726,8.137158957118812,10.531798078183309
223,754,E152.C,10.575450838705374,8.339820834732834,10.525116688181802
224,754,E152.C,11.048450511534833,8.835643010329292,11.00346253570989
225,754,E152.C,10.987742474563513,8.415262243337986,10.971050518867026
226,754,E152.C,11.378980748065926,8.697334544058926,11.335494119326126
227,754,E152.C,11.357734717403773,8.913488957910166,11.320425454533826
228,754,E152.C,10.771526643063309,8.72863727062898,10.669234924689302
229,754,E152.C,11.298471646615914,8.675116979135998,11.28028269243479
230,754,E152.C,11.319534026267267,8.893470224051669,11.310674960322045
231,754,E152.C,11.072904830309055,8.545314526456126,11.057183087214451
232,754,E152.C,11.061119878328668,8.554153260537703,11.042302453305957
233,754,E152.C,11.13457741546293,8.488501650753294,11.106650499587055
234,754,E152.C,11.210151711547772,8.974997049714213,11.17970416983745
235,754,E152.C,11.261499821719243,8.632494171434065,11.20925950908455
236,754,E152.C,11.522295158050083,8.854607670056618,11.512698866834775
237,754,E152.C,11.352897555529687,8.732989668497146,11.34593429320449
238,754,E152.C,11.206972580848618,8.601349476019125,11.158848737063282
239,754,E152.C,11.34859208789521,8.564280857781087,11.311172477895827
240,754,E152.C,11.204947881395876,8.565381109136508,11.182076871042176
241,754,E152.C,11.40812101611879,8.713511135393729,11.375618663708046
242,754,E152.C,11.08392029081176,8.486740577813118,11.037777190522581
243,754,E152.C,11.203087215210788,8.605776515728476,11.143245482540692
244,754,E152.C,11.079619402790009,8.547566551243518,11.048235241174641
245,754,E152.C,11.303946664890626,8.595508032056319,11.286900411540207
246,754,E152.C,11.000662662506368,8.309078994537371,10.995991593261627
247,754,E152.C,11.550807793540253,9.080055166844131,11.50676354890472
248,754,E152.C,11.448954545374347,9.170593030577711,11.400295165930151
249,754,E152.C,11.102473305741816,8.68747897519505,11.080804086556466
250,754,E152.C,10.99770227749869,8.44263271937282,10.97490051554579
251,754,E152.C,11.176691454926011,8.683927558399223,11.161163453917775
252,754,E152.C,11.112715313186827,8.506671806530871,11.081831980557402
253,754,E152.C,11.34819901792979,8.814805405710034,11.319216818941749
254,754,E152.C,11.090040196691206,8.253920321372341,11.076843257467962
255,754,E152.C,11.460563866023287,8.988518586460737,11.442045408644303
256,754,E152.C,11.276413452792676,8.812657221733481,11.243505022056175
257,754,E152.C,11.179010354540393,8.608258598031377,11.10315149181274
258,754,E152.C,11.118565002248006,8.627976487435955,11.085756311869837
259,754,E152.C,11.265715058964604,8.75499463370066,11.23953434168605
260,754,E152.C,11.403719584104438,8.973210622477056,11.369094329091736
261,754,E152.C,11.098132537418586,8.609991166328907,11.0880198711684
262,754,E152.C,11.221717560162944,8.729507287721788,11.16807195401127
263,754,E152.C,11.652595197630609,9.10518793888194,11.621071564412247
264,754,E152.C,11.006766338851493,8.600428090460685,10.981860948718355
265,754,E152.C,10.892011916670953,8.516753651201165,10.864349542089261
266,754,E152.C,11.0891726524208,8.380784399120113,11.026719477979166
267,754,E152.C,11.188091269006252,8.494412429080704,11.079272020391738
268,754,E152.C,10.788352380039122,8.159584603502386,10.739911774666254
269,754,E152.C,11.022489828667771,8.458472022708914,10.982461641575238
270,754,E152.C,10.894977799562117,8.162470604178406,10.873235290656968
271,754,E152.C,11.039239394977276,8.41498938649441,11.02537319539467
272,754,E152.C,11.343971879151265,8.756728891797257,11.294511620085618
273,754,E152.C,11.321645355270194,8.735570913103011,11.271656140761156
274,754,E152.C,11.205767836959712,8.653058626864896,11.142898525625913
275,754,E152.C,11.243263802118392,8.678134237229141,11.213173438414016
276,754,E152.C,10.974380184747263,8.298603212161106,10.940815794758878
277,754,E152.C,10.978263625883134,8.451526252921001,10.954996988603716
278,754,E152.C,10.893467285387187,8.135629530634,10.88486977561446
279,754,E152.C,10.684116807423226,8.046538849423255,10.671024601011077
280,754,E152.C,11.227869700303149,8.661262099220805,11.194272239759126
281,754,E152.C,10.952903556592238,8.149354567784298,10.924730064657467
282,754,E152.C,11.048336734856482,8.58070330812885,11.032092179554791
283,754,E152.C,10.877304634765936,8.251533076056258,10.852432229200007
284,754,E152.C,11.23585324079543,8.700582918284178,11.205356770809487
285,754,E152.C,11.24203247979576,8.617540792712973,11.16175724085795
286,754,E152.C,11.098630841107234,8.340423995143253,11.0851145967944
287,754,E152.C,10.90233339967065,7.939693024032454,10.86747501116615
288,754,E152.C,10.858122772539348,7.92190732774974,10.840680743654314
289,754,E152.C,11.108170319897413,8.420946223921048,11.105077221980554
290,754,E152.C,11.138761274507601,8.654017453605492,11.103171765576104
291,754,E152.C,11.152235001531825,8.598757661687253,11.135808229814248
292,754,E152.C,10.964072641515411,8.319201490855514,10.932829916872201
293,754,E152.C,10.85695568824909,8.516321002837332,10.821616852027677
294,754,E152.C,10.95021331421149,8.332078110253555,10.896684507734687
295,754,E152.C,10.72758993305709,8.13370341671258,10.724015093852598
296,754,E152.C,10.818806835294428,8.012270647397953,10.779727075163862
297,754,E152.C,10.146878943164236,8.149668728938526,10.049262165728306
298,754,E152.C,10.27271602847766,8.231570753791779,10.159138337215321
299,754,E152.C,10.33808201812662,8.170141820593326,10.255481314560157
300,754,E152.C,10.229063809020618,8.113863041220675,10.141220658491246
301,754,E152.C,10.122729219141698,8.143676629700307,10.047012026566138
302,754,E152.C,10.154070264906109,8.237500931024064,10.078598963392471
303,754,E152.C,10.057796995191755,7.964528713020786,9.96485203711269
304,754,E152.C,10.323027731019323,8.036371527392657,10.200916686248997
305,754,E152.C,10.435120244521553,8.519909544472007,10.34856474766449
306,754,E152.C,10.376784477936706,8.404326747707206,10.228399639879703
307,754,E152.C,10.416209877212644,8.530919367134018,10.35018273054874
308,754,E152.C,10.20703475920934,7.904466594126467,10.12182050913817
309,754,E152.C,10.470908610674991,8.662580390494984,10.417333110323394
310,754,E152.C,10.325062213777818,8.151377484045538,10.119880800929808
311,754,E152.C,10.42273214563935,8.355544743856592,10.322375438917122
312,754,E152.C,11.051701320478745,8.344847665422648,11.007629767123905
313,754,E152.C,10.93574011679378,8.446674556946922,10.921633766765158
314,754,E152.C,10.372452039087344,8.024891603854625,10.302913305176489
315,754,E152.C,11.004794877749337,8.4619410713672,10.968658495244267
316,754,E152.C,10.382412749293543,8.374389391309023,10.262443894545148
317,754,E152.C,10.296680184294104,8.313470154952626,10.235915245239958
318,754,E152.C,10.56672269786974,8.507664740183836,10.46226665979438
319,754,E152.C,10.054112412626791,7.771774499527111,10.030298997530242
320,754,E152.C,10.037151067896977,7.948996358108255,9.992093429425301
321,754,E152.C,9.9069258091413,7.663221307163931,9.843302392205922
322,754,E152.C,11.001127775652021,8.073412326678197,10.967973702081581
323,754,E152.C,11.015132697843141,8.425005890711288,10.993645737477717
324,754,E152.C,11.03615268059355,8.466060322749202,11.028981563538066
325,754,E152.C,10.22435312097432,8.156225235525461,10.127257800688511
326,754,E152.C,10.78498256604817,8.03737354845128,10.739197338060366
327,754,E152.C,10.642890753889759,8.349629529932626,10.528701001829758
328,754,E152.C,10.348646078791905,8.161475463473042,10.30887584034558
329,754,E152.C,10.101617366104012,8.250107189421705,9.983230677184727
330,754,E152.C,10.007657284454554,7.828294858564158,9.851970000469146
331,754,E152.C,10.710563699103197,8.273993503034593,10.625555062348697
332,754,E152.C,10.243275270321943,8.322527693823618,10.068672239793727
333,754,E152.C,10.23896290428408,8.41410189223446,10.190012201781038
334,754,E152.C,10.198135551628198,8.233399271613175,10.17174923110599
335,754,E152.C,10.548154778246554,8.56647176275436,10.440568107165083
336,754,E152.C,10.308550177893562,8.279533922124081,10.201583050533037
337,754,E152.C,10.549613706089229,8.496573866507692,10.462703797279131
338,754,E152.C,9.941222861190505,7.796482198622783,9.803780442914894
339,754,E152.C,10.41393034535291,8.388587003271688,10.310390938024542
340,754,E152.C,11.241511741198885,8.586368674333643,11.208617143645533
341,754,E152.C,10.08853960771903,8.001953158730515,9.964589778507046
342,754,E152.C,9.978308618055758,7.606184187420205,9.926577196330701
343,754,E152.C,10.714021780705131,8.568697869322495,10.621905247222061
344,754,E152.C,9.863029684540836,7.9141524009644755,9.704635600751308
345,754,E152.C,9.840308815167013,7.642717987514298,9.66931587501494
346,754,E152.C,10.411966234481163,8.319312499085415,10.349482775116728
347,754,E152.C,10.421749147915946,8.601384617919383,10.410836479840528
348,754,E152.C,10.361373809227944,8.436120614262228,10.333831498715654
349,754,E152.C,10.523099899689244,8.244888306335419,10.490765031052682
350,754,E152.C,10.251088277675347,8.433766884973348,10.241696451607563
351,754,E152.C,10.122057794203872,7.90206490529387,10.070064901528486
352,754,E152.C,10.311053132537095,8.298363102844956,10.278491514052336
353,754,E152.C,10.615914440640157,8.357679893261793,10.544675921045961
354,754,E152.C,10.435465327170734,8.13348596594481,10.392723570901492
355,754,E152.C,10.48786434935948,8.423508707216927,10.47442077137184
356,754,E152.C,10.574621049783739,7.820595590436392,10.447208776146876
357,754,E152.C,10.45832578712651,8.086646669874627,10.387604610667108
358,754,E152.C,10.86489761716652,7.922209938442892,10.79153073699961
359,754,E152.C,10.577105330495264,8.08643296227463,10.533225880221673
360,754,E152.C,11.123396593497217,8.213722995527794,11.079408921040828
361,754,E152.C,10.927959069414383,8.224818273514003,10.914169391758438
362,754,E152.C,11.205816451108465,8.689978794199137,11.165610470299702
363,754,E152.C,9.663575281279309,7.548218759175562,9.490516730376804
364,754,E152.C,10.04002391253044,7.801963090108644,9.995835579924064
365,754,E152.C,10.556167336535863,8.370331142697626,10.522784957493794
366,754,E152.C,10.281667409718702,8.084603214637388,10.195700161718007
367,754,E152.C,10.307845036106416,8.102265452282126,10.274829556866111
368,754,E152.C,10.638963136355565,8.576614242561543,10.611272968035921
369,754,E152.C,10.201320834514043,8.082880170998456,10.15786108970474
370,754,E152.C,10.042424734204397,8.067950967155987,10.019186178874833
371,754,E152.C,11.218509384761683,8.629795316480898,11.210545453345844
372,754,E152.C,11.116986408105586,8.268500732212335,11.099658434956623
373,754,E152.C,10.894081338135718,8.416126053776468,10.894011853136206
374,754,E152.C,10.759350131416161,7.927729558708906,10.743554554999351
375,754,E152.C,10.745929005835471,8.285911711720981,10.740297870942161
376,754,E152.C,10.821760717561414,7.993446571743141,10.821681928508745
377,754,E152.C,11.217852606704556,8.594299382163614,11.205452055586377
378,754,E152.C,11.035204362575106,8.34082419122556,11.035096446174508
379,754,E152.C,10.796556946031718,7.8997328160821585,10.78916817400732
380,754,E152.C,11.430054779425745,8.816270835841785,11.429406803711212
381,754,E152.C,10.786338518517187,7.976632921452694,10.786248401729472
382,754,E152.C,11.075387952330873,8.433317539431528,11.057666473217399
383,754,E152.C,9.983915863973467,7.716813871793091,9.949300974820103
384,754,E152.C,11.029936644722207,8.49482895478297,11.016354530397203
385,754,E152.C,10.849837248899998,7.957420588551699,10.840192054849311
386,754,E152.C,11.251793190262388,8.378667370476688,11.250605037488722
387,754,E152.C,11.072076004741175,8.29957811725437,11.062566465936913
388,754,E152.C,11.054250416690031,8.164768557677878,11.045982824335237
389,754,E152.C,11.025322873294083,8.329589238022272,11.022037451216583
390,754,E152.C,10.303871094430859,8.0454332812641,10.210329867236059
391,754,E152.C,11.247541513963222,8.639949251439212,11.238588305512046
392,754,E152.C,11.211483186430945,8.484644270054574,11.16808287920763
393,754,E152.C,11.38594989007462,9.055510456448689,11.371906742552683
394,754,E152.C,10.984024419954132,8.227014945471923,10.97541954599254
395,754,E152.C,10.90668336857906,8.155371911599378,10.899982702748614
396,754,E152.C,10.549965814840352,8.11262569272541,10.513742942466653
397,754,E152.C,10.223066347362046,7.892216313599779,10.155080916357969
398,754,E152.C,10.584922651950446,8.648604804967698,10.57652651533414
399,754,E152.C,10.642544355713575,8.589295755932495,10.612869932784303
400,754,E152.C,10.2436179899402,8.33559497889443,10.196655878710304
401,754,E152.C,9.982339247976109,7.771885889557486,9.942280057097
402,754,E152.C,10.07532714286745,8.086219773409224,10.034878851582304
403,754,E152.C,10.29553881638079,8.436849556188731,10.244644065326098
404,754,E152.C,10.003897981203602,7.850028276681655,9.953534454823926
405,754,E152.C,10.156424311611584,7.914657726216804,10.119846581107103
406,754,E152.C,10.421648470379045,8.38958960281729,10.404182419618097
407,754,E152.C,11.02876224283473,8.697798249175419,10.975200636943999
408,754,E152.C,10.369702196419208,8.290117543697171,10.321651125718278
409,754,E152.C,10.357288851443435,8.12605217751081,10.331761747921558
410,754,E152.C,10.350681623820218,8.300712690699907,10.301362118465981
411,754,E152.C,10.221423126587558,8.013161138289373,10.148646154317824
412,754,E152.C,10.385289817583724,8.023822813815416,10.35857136800743
413,754,E152.C,10.112325740922039,8.085744569323703,10.084564664672081
414,754,E152.C,10.986943964464277,9.07148573696925,10.969593541137362
415,754,E152.C,10.169901691459627,8.031513599893835,10.131754079285031
416,754,E152.C,10.143457712493435,8.291299467135516,10.127864811899155
417,754,E152.C,10.189867415368596,8.19187776345807,10.183094664904349
418,754,E152.C,10.306461265723216,8.123409570755177,10.279272791703029
419,754,E152.C,10.058409135054898,8.127255314870512,10.03265540419
420,754,E152.C,10.186830696073585,8.096540811646026,10.084442267233175
421,754,E152.C,10.107550797640464,7.844966534458996,10.093716739014088
422,754,E152.C,10.260703331813968,8.21544043051983,10.159409021614431
423,754,E152.C,10.465934307984892,8.015304824565339,10.297326552056818
424,754,E152.C,9.962482278446119,8.028830003708341,9.89355535536428
425,754,E152.C,10.108239202934492,8.158959493184431,10.042912653468456
426,754,E152.C,10.158454356950216,8.212253197857514,10.09974296794573
427,754,E152.C,9.858430927841423,7.9420818837247245,9.754153863451615
428,754,E152.C,10.002099030475232,7.94420953364702,9.979784068050483
429,754,E152.C,9.733391200322695,7.708125942990837,9.657665619255011
430,754,E152.C,9.892325287822318,7.637913378484746,9.87879778943052
431,754,E152.C,9.761281813330145,7.666209806127118,9.68322799454929
432,754,E152.C,10.247406045233122,7.947927910057712,10.154403416998319
433,754,E152.C,10.958350206470392,8.378780413600245,10.939458252565291
434,754,E152.C,10.86008056463379,8.36211283285526,10.854360012878878
435,754,E152.C,10.092249271133714,7.716470362943689,10.060785008949285
436,754,E152.C,10.156932604938914,7.964717413487791,10.126353227479555
437,754,E152.C,9.871437878031264,7.772209853495888,9.827898111355719
438,754,E152.C,10.684936536935727,7.603907503235111,10.664848128770275
439,754,E152.C,11.042672385949906,8.088516505712162,11.04243518475767
440,754,E152.C,10.927287093494895,8.310404013996077,10.902274426759949
441,754,E152.C,11.237674564031925,8.78953408648328,11.22600860810309
442,754,E152.C,11.306792755802753,8.331073667262883,11.304755268023527
443,754,E152.C,11.325553873911625,8.704685473150795,11.29306740982603
444,754,E152.C,11.274321249946965,8.828401184047964,11.226872491092081
445,754,E152.C,11.282786990480801,8.68889106006107,11.243894215793423
446,754,E152.C,11.06286996682219,8.120882462108547,11.062704610621427
447,754,E152.C,11.303899171682735,8.397716876235075,11.302476021033666
448,754,E152.C,11.29439779847302,8.289775297844578,11.284597282592056
449,754,E152.C,11.16606518240431,8.155505595417576,11.16602235495815
450,754,E152.C,11.414845130546771,8.36886867569839,11.409401949779477
451,754,E152.C,11.001895738137614,8.439364767505039,11.0018783774164
452,754,E152.C,11.173225651775981,8.334315437549806,11.10974859503434
453,754,E152.C,10.983072706610729,8.202007937767945,10.981664953065607
454,754,E152.C,11.30572953941483,8.611789253041392,11.291341266757627
455,754,E152.C,11.088892131180577,8.6990764515696,11.081153183418822
456,754,E152.C,11.076745971455807,8.369018023517723,11.075381325721011
457,754,E152.C,11.215183700401347,8.844589781038415,11.186466587168246
458,754,E152.C,11.154641864374613,8.716024738845471,11.129782532654813
459,754,E152.C,10.672051756206988,7.986518467812252,10.611300762390528
460,754,E152.C,10.682394705372642,8.673366483267786,10.63555421203278
461,754,E152.C,10.147067914748247,8.13833599359245,10.072728812848903
462,754,E152.C,10.341646369112922,8.228259882054232,10.30711962042143
463,754,E152.C,10.331875479476762,8.351151881953834,10.273135136760622
464,754,E152.C,10.219139387813179,8.261508028311622,10.210232744079544
465,754,E152.C,10.020629085439932,8.030266701833474,9.990977658645438
466,754,E152.C,10.09321386873885,7.922654267921504,10.05159560362408
467,754,E152.C,10.339909642650444,8.23859568468092,10.229899281104137
468,754,E152.C,10.443141882662689,8.41844363283392,10.3948015803237
469,754,E152.C,10.268126051848848,8.17973504932482,10.259289525053527
470,754,E152.C,10.546957082345472,8.137229340143321,10.506433883970058
471,754,E152.C,10.07313626048137,8.019581982669848,10.042955403918917
472,754,E152.C,10.004979986470193,7.82385419610704,9.973204063015926
473,754,E152.C,10.32082101495846,8.133021488301772,10.306006955096374
474,754,E152.C,10.19366709349276,8.100462196942916,10.160431157588855
475,754,E152.C,10.251859106188315,8.277576256673287,10.241052953402184
476,754,E152.C,10.839106218681138,8.166695958390186,10.7996983540587
477,754,E152.C,10.256549992832298,8.335182783087097,10.220406951714372
478,754,E152.C,10.513498868591546,8.461731983349006,10.485375618861584
479,754,E152.C,10.217226601926681,8.146192916967415,10.156010116927861
480,754,E152.C,9.942442802335297,7.888865842668504,9.907034299545174
481,754,E152.C,9.83354690888495,7.644132709816295,9.783128759835675
482,754,E152.C,10.144427375936804,8.11330554164396,10.114261590296179
483,754,E152.C,10.177622437065871,8.017958171273408,10.150847311611251
484,754,E152.C,9.834414504950571,7.761532791709363,9.811594893695547
485,754,E152.C,11.083909858980814,8.358822292823076,11.039119417628244
486,754,E152.C,9.676100039913491,7.70373813555502,9.643553259578706
487,754,E152.C,10.785279309311957,7.9645835212547125,10.774108668234238
488,754,E152.C,10.94074108987388,8.352384111567785,10.890595241175879
489,754,E152.C,10.582021927596568,7.7354560968737225,10.576425143076431
490,754,E152.C,11.233738812486205,8.387018522213062,11.233443132060417
491,754,E152.C,11.269587602474292,8.357503668075502,11.265967258366745
492,754,E152.C,10.863781248714607,8.179881193664924,10.835783532404736
493,754,E152.C,10.91659446375323,8.233246867209457,10.885414213886223
494,754,E152.C,10.925331178525626,8.248859817172175,10.877015876410796
495,754,E152.C,9.911530833732707,7.782375151963181,9.906186366299929
496,754,E152.C,10.588819820812132,7.633670642362062,10.482043783970084
497,754,E152.C,10.880354324686545,8.1872378357662,10.872145545860112
498,754,E152.C,10.790322837493992,8.038242569612896,10.746605600952783
499,754,E152.C,10.734761855787312,7.883980568199353,10.72824151854858
500,754,E152.C,10.796376342234378,8.093107331780535,10.789970094175084
501,754,E152.C,10.628149908128211,8.134296314624425,10.607331701577284
502,754,E152.C,10.851667452666746,7.983217151142447,10.842933731916622
503,754,E152.C,10.588833673260938,7.807544305991345,10.581371500480353
504,754,E152.C,10.721627777445544,8.193656230605493,10.711442694482814
505,754,E152.C,10.715849580376196,7.8604503473145355,10.714970414525757
506,754,E152.C,10.34483392466321,7.625405531789268,10.317239937503471
507,754,E152.C,10.840152306473916,8.080849966635476,10.827978259798293
508,754,E152.C,10.75146541115618,8.177848349364973,10.729130566160634
509,754,E152.C,10.967810270579893,8.092077919735551,10.96048799074075
510,754,E152.C,10.306693494443499,7.42721730841638,10.297662782735411
511,754,E152.C,10.449038478638851,7.4994619074600255,10.434812228546726
512,754,E152.C,10.839723709693066,8.310011454504867,10.816333240823322
513,754,E152.C,10.652293946767555,7.92408372088882,10.630819000826957
514,754,E152.C,10.53259267640754,7.846587731397304,10.526184520246163
515,754,E152.C,11.071786800578097,8.352531138307363,11.048432841535284
516,754,E152.C,11.04473113105944,8.409862591526705,11.007219596063027
517,754,E152.C,11.073707189591321,8.665713372246373,11.052691950676307
518,754,E152.C,10.669996465827678,7.680350393603849,10.642264442461222
519,754,E152.C,10.674566390560347,7.774279161653556,10.65289846614802
520,754,E152.C,10.630279270717592,7.745114620263885,10.620295532932897
521,754,E152.C,11.134962923936827,8.393188632048746,11.133934564490465
522,754,E152.C,10.928930592819261,8.354804036004673,10.89903932485378
523,754,E152.C,10.720944584518575,8.094002593239784,10.698319981075954
524,754,E152.C,10.82570903388646,7.878906221892939,10.787707962524774
525,754,E152.C,11.102030017852861,8.132030466792282,11.033670821737012
526,754,E152.C,10.435945974139997,7.7150283352376565,10.400193798367498
527,754,E152.C,10.635517940955951,8.075958075229691,10.604269134751801
528,754,E152.C,10.856789410694565,8.330484425039836,10.833859195854204
529,754,E152.C,10.650995504988716,7.855597249127508,10.577537698663308
530,754,E152.C,10.567283046716534,7.764573839957295,10.487612300745216
531,754,E152.C,10.3338699927266,7.273228207741778,10.28324176007411
532,754,E152.C,11.091579828090781,8.437262898899627,11.090043625994856
533,754,E152.C,11.326312003680494,8.69151126658352,11.296949210769826
534,754,E152.C,10.763712360843604,8.196102106132308,10.752980655533733
535,754,E152.C,10.983592219430047,8.343806234791197,10.980103217176671
536,754,E152.C,10.995739199189426,8.406190468940368,10.992599507256253
537,754,E152.C,10.530536008399434,7.642903501839136,10.499587797761617
538,754,E152.C,11.251714499672744,8.485803290628589,11.215900394905411
539,754,E152.C,11.408808805928347,8.615704217619918,11.394911158767513
540,754,E152.C,10.973746561885095,8.323677913274183,10.968125886312862
541,754,E152.C,11.280567898588432,8.698369399964603,11.273690740553487
542,754,E152.C,11.246645063892966,8.308140538113268,11.244161362602522
543,754,E152.C,11.167756868814507,8.569251809441358,11.167733809311752
544,754,E152.C,11.059520486286173,8.295920546819836,11.02961153532672
545,754,E152.C,11.095872205645538,8.070537458839569,11.09075230575665
546,754,E152.C,10.713661780283308,8.02452049694934,10.704543249431241
547,754,E152.C,10.891062221302096,8.177703210191163,10.878199314830335
548,754,E152.C,10.859527048775007,7.8965218141442035,10.845284714250573
549,754,E152.C,10.992155107145788,8.139075264244752,10.992120922799751
550,754,E152.C,10.998726837075722,8.22310030385392,10.988956837451026
551,754,E152.C,11.182165396990206,8.448203501428516,11.180158231886777
552,754,E152.C,11.024777275954387,8.461945409807871,11.016188557090583
553,754,E152.C,11.149001714132043,8.339820935472023,11.144668328445855
554,754,E152.C,10.926851335285301,8.215207039796717,10.925038187677673
555,754,E152.C,10.775791606721809,8.022933656511823,10.763345036572236
556,754,E152.C,10.862421487117174,8.252237037550898,10.856328146227986
557,754,E152.C,11.00626632269638,8.272679598155795,10.98742057724151
558,754,E152.C,10.925886567335022,8.016021255464857,10.9203156297757
559,754,E152.C,10.814973573416422,8.231689175297696,10.810444960749047
560,754,E152.C,10.835141902696467,8.264581458276016,10.784372235078846
561,754,E152.C,10.691214497384054,8.055320863746863,10.658932899411122
562,754,E152.C,11.26380754622662,8.711539331761035,11.262994320927616
563,754,E152.C,10.69061522983425,8.101262343190182,10.690109478016629
564,754,E152.C,11.202112976745973,8.410408949529328,11.151553622255896
565,754,E152.C,10.982641550579727,8.244460084229654,10.974783544223005
566,754,E152.C,10.746609288135613,8.239691840949533,10.720983911998331
567,754,E152.C,11.176372154251236,8.54841804951109,11.176338572322036
568,754,E152.C,11.17688017629455,8.609002742544805,11.163323684107354
569,754,E152.C,10.847063765181112,8.150527747132974,10.840981493692805
570,754,E152.C,10.723938721799822,8.057555167823809,10.712921453403652
571,754,E152.C,10.783741436105943,8.052708636164377,10.76584745056869
572,754,E152.C,10.735344950119025,8.034796554940426,10.732097886826216
573,754,E152.C,10.724334989750028,7.976059362795571,10.72301275496111
574,754,E152.C,10.73656195746313,8.050442717006929,10.674390405625926
575,754,E152.C,10.62435932177462,7.791064865541037,10.591284263693073
576,754,E152.C,10.767532305183563,7.966695203881937,10.73769759183092
577,754,E152.C,10.977041129278238,8.43226629825743,10.923542806930717
578,754,E152.C,10.936576139817838,8.288915679125832,10.928429257208949
579,754,E152.C,10.584521844002028,7.9181131881850515,10.548961106367358
580,754,E152.C,10.442050118156578,7.671032941583185,10.408522731328384
581,754,E152.C,11.092460965821202,8.582764481372902,11.053120268998223
582,754,E152.C,10.961598223721213,8.349291285479914,10.914337356749138
583,754,E152.C,10.737715018130348,8.062889256340743,10.730066196880632
584,754,E152.C,10.572605108212986,7.949794185675072,10.570737968926084
585,754,E152.C,10.960252807817328,8.4736397535658,10.954312637604483
586,754,E152.C,10.805294527738242,8.241369643292302,10.800751396430089
587,754,E152.C,10.77039810170296,8.111966461778488,10.760675970555749
588,754,E152.C,10.986535785345968,8.506764045291433,10.972909784459116
589,754,E152.C,11.075380341426516,8.214994304673386,11.069549004305943
590,754,E152.C,10.666965499458396,8.060557481220856,10.643642684945654
591,754,E152.C,10.305602649079926,7.451955941734319,10.290258655173353
592,754,E152.C,10.662034474504711,8.07093849889948,10.656760401557895
593,754,E152.C,10.72086195157374,7.85943635264815,10.691198315205236
594,754,E152.C,10.706264854744804,8.002152970124857,10.704565178205444
595,754,E152.C,10.406015626109715,7.714421309523958,10.371775023467844
596,754,E152.C,10.938828004696987,8.166552203517414,10.86899525060739
597,754,E152.C,10.572039497242399,7.878741001530051,10.570875926689888
598,754,E152.C,10.890128982864432,8.35155024853305,10.873343833538213
599,754,E152.C,10.72526972295092,7.917251639045459,10.716168161600935
600,754,E152.C,10.742362613997532,8.241826600004206,10.717019619128989
601,754,E152.C,11.005458289499632,8.481983859871127,10.97296862161518
602,754,E152.C,10.71844470204448,7.959495513540868,10.716030416847971
603,754,E152.C,10.491765457171441,7.727800822617085,10.463079015037529
604,754,E152.C,10.113839563616914,7.8354785137029985,10.111445524914696
605,754,E152.C,9.80711037447213,7.606605287437754,9.737119715256284
606,754,E152.C,10.398100882006839,8.339628607183183,10.364814110039958
607,754,E152.C,10.121669482272171,8.339669248893163,10.098095695654303
608,754,E152.C,10.110321371954363,8.231616707305921,10.078749872667496
609,754,E152.C,10.092596717396649,7.94549283365678,10.066685898407194
610,754,E152.C,10.17324734115183,8.103475205802281,10.130445749654621
611,754,E152.C,9.921439169752883,7.912321672547217,9.915966144514421
612,754,E152.C,9.809774830609218,7.789033653182991,9.718427873762245
613,754,E152.C,10.201623915698503,8.303301779574957,10.148629836809379
614,754,E152.C,10.020140963643621,7.757030196772355,10.001775924323514
615,754,E152.C,10.165829340174037,8.19225992406804,10.14638091031867
616,754,E152.C,9.835557927010859,7.945682004675325,9.816459148636456
617,754,E152.C,9.842930686822825,7.750381812634479,9.788379004940104
618,754,E152.C,10.058473439672971,7.981634787727798,10.047807326055018
619,754,E152.C,9.895769094387576,7.883381579199297,9.839185446449891
620,754,E152.C,9.769168258704408,7.616162181371468,9.681382698224883
621,754,E152.C,10.03045691142461,7.77754728542765,10.004190330086637
622,754,E152.C,9.84982085338396,7.63511514896743,9.802586006722647
623,754,E152.C,10.191800426491687,8.009775764628174,10.116072396629729
624,754,E152.C,10.020644514699402,7.982464690771684,9.980596434574995
625,754,E152.C,9.754659387679853,7.947227658421624,9.697360642705906
626,754,E152.C,9.857470128930412,7.762961203411596,9.84821924407608
627,754,E152.C,9.865384830540311,7.752485729421475,9.853456500499151
628,754,E152.C,9.795158369430569,7.766519530637836,9.737872215600147
629,754,E152.C,9.884973538801317,7.780445757869199,9.827265914691015
630,754,E152.C,9.796782426751387,7.6778830797499875,9.731799492463884
631,754,E152.C,9.73204555090551,7.73748549238119,9.686704073893777
632,754,E152.C,9.278117162754173,7.302625069593589,9.216305911687618
633,754,E152.C,9.862719849328709,7.8659130168453135,9.827055958613927
634,754,E152.C,9.952810783472687,7.974601507441943,9.934924028800745
635,754,E152.C,9.915971255063768,7.866236631061919,9.87893222526299
636,754,E152.C,9.8002995898816,7.6618907476966225,9.730150050881495
637,754,E152.C,9.789854587841841,7.634799093249622,9.718301992358187
638,754,E152.C,9.90489312510555,7.791848463349395,9.873482221501808
639,754,E152.C,9.387945094770583,7.190405826009521,9.382876892382775
640,754,E152.C,9.793245931065105,7.8431111293773315,9.752104870004125
641,754,E152.C,10.076298864554703,7.933922374553752,10.063761362718767
642,754,E152.C,9.7132743103681,7.637181275266266,9.682461966610097
643,754,E152.C,9.640050524395113,7.7680434317812965,9.595960476456783
644,754,E152.C,9.624495803861343,7.545122207527712,9.565458723008158
645,754,E152.C,9.852273153821635,7.8993653385433635,9.800551213488488
646,754,E152.C,9.881294271449645,7.742227915182791,9.857172113446286
647,754,E152.C,9.830463706123709,7.899973084981304,9.791772192467624
648,754,E152.C,9.53269771067089,7.5131898109993775,9.52178249709414
649,754,E152.C,9.666873907806165,7.712001310655409,9.573817322737348
650,754,E152.C,9.627490171705382,7.642317340620657,9.57048949155164
651,754,E152.C,9.768493696878098,7.709752382640304,9.725529226349463
652,754,E152.C,9.954863851826165,7.919627674214682,9.883831416375827
653,754,E152.C,9.781384419845127,7.671620558397308,9.72571681169615
654,754,E152.C,9.89175955274415,7.982723844119805,9.849335535078728
655,754,E152.C,9.815530489246797,8.021767575899313,9.722042124368024
656,754,E152.C,9.65689521548014,7.62587438283965,9.57824034230646
657,754,E152.C,9.588335057763738,7.588023862598564,9.52649713017758
658,754,E152.C,9.76970109957581,7.713805684318778,9.729526990848353
659,754,E152.C,9.814499604231802,7.882716174811859,9.731443890394354
660,754,E152.C,9.65666932454253,7.648324656201285,9.5849554722273
661,754,E152.C,9.515712914732024,7.245155474350978,9.470830257565332
662,754,E152.C,9.536989363660467,7.448396464994269,9.489559133401393
663,754,E152.C,9.848784590730318,7.740939898347478,9.8338968528413
664,754,E152.C,9.622475350998757,7.462147952891476,9.58669346395163
665,754,E152.C,9.86839225324833,7.765991834861698,9.826334116972202
666,754,E152.C,9.856947578990745,7.878892421363651,9.764587174800562
667,754,E152.C,9.893101570153304,7.8898279041529005,9.839806578312194
668,754,E152.C,10.011862686703786,8.317786101152025,9.923649610470648
669,754,E152.C,9.838560315700773,7.837189191941823,9.767509614895758
670,754,E152.C,9.838510328039298,7.986995956777419,9.792295491798942
671,754,E152.C,9.70910197993764,7.768535293062037,9.648963357409965
672,754,E152.C,9.745683376768714,7.830887095359779,9.588265429600435
673,754,E152.C,9.751302723266589,7.768494902978518,9.704258852972195
674,754,E152.C,9.91071235468387,7.8764342963536285,9.847723574223561
675,754,E152.C,9.845563031737253,7.910432141598911,9.777661293399785
676,754,E152.C,9.938162875213456,8.136334779051516,9.863211771419207
677,754,E152.C,9.90124654528138,7.936088860737439,9.854139941514644
678,754,E152.C,9.842034759266301,8.010846187658387,9.741022171483424
679,754,E152.C,9.751321272057607,7.752936914394649,9.662554037026526
680,754,E152.C,9.522279702747358,7.685747931121245,9.46792668031455
681,754,E152.C,9.746733335380105,7.577601303793723,9.610327784091108
682,754,E152.C,9.975059837787713,8.05016951937002,9.885359538399804
683,754,E152.C,9.796302068470304,7.860704074140107,9.73973247058288
684,754,E152.C,9.907936471841063,8.112600207378524,9.842762556728584
685,754,E152.C,9.625238968575355,7.634490360342346,9.49558803021953
686,754,E152.C,9.677028569407002,7.82778220449465,9.629923764728424
687,754,E152.C,9.855717515987994,8.041198856385689,9.791768046273653
688,754,E152.C,9.813927280857722,7.67993678883351,9.741015668307655
689,754,E152.C,9.781675193302943,7.872594864342078,9.735406823323709
690,754,E152.C,9.485989531696736,7.387308189876563,9.471562023540743
691,754,E152.C,9.412632330188188,7.431240714514313,9.355619079569257
692,754,E152.C,9.655686324768569,7.591961946359288,9.580935179442719
693,754,E152.C,9.799915955533821,7.814096876628666,9.769040235202043
694,754,E152.C,9.598819329264527,7.738081976146857,9.591948694275047
695,754,E152.C,9.957137818794434,7.966724214059055,9.923804462638198
696,754,E152.C,9.831597786669947,7.885043217148095,9.763563211343458
697,754,E152.C,10.016844207254994,8.120823899308407,9.942663506427403
698,754,E152.C,9.623527218105542,7.614244462875895,9.568281079729642
699,754,E152.C,10.112069780255505,8.263255507332053,10.110320933373076
700,754,E152.C,9.91015938968184,7.596999809925952,9.845706938220781
701,754,E152.C,9.850719506251343,7.918464921057269,9.794622280601285
702,754,E152.C,10.099402015832645,8.14745404076712,10.045076612549662
703,754,E152.C,10.035953150696374,8.014972133555876,9.948870402330957
704,754,E152.C,9.964727059424746,7.9285289205202645,9.834507094891364
705,754,E152.C,9.94559272096554,7.610911697754318,9.866894821427064
706,754,E152.C,9.810482127044141,7.736702033066633,9.700488088697652
707,754,E152.C,9.641736885418378,7.635659551009453,9.525953921719507
708,754,E152.C,9.824503879695326,7.688208584358365,9.751018389320064
709,754,E152.C,9.850845623725995,7.789083248292513,9.810926010428727
710,754,E152.C,10.121288364792479,8.160788899755662,10.08456094557932
711,754,E152.C,10.188491058689094,8.166660895251846,10.090751967352901
712,754,E152.C,10.202354941004371,8.120847382208197,10.101561196272778
713,754,E152.C,9.999024101061769,8.140189215002957,9.962407510718075
714,754,E152.C,9.795015405642024,7.725878724804887,9.741322353715027
715,754,E152.C,10.14011464401709,8.151779620687929,10.106803118742423
716,754,E152.C,9.722853254794424,7.803831151206665,9.691254183201861
717,754,E152.C,9.844206766906622,7.74799389224038,9.783614256721927
718,754,E152.C,10.043392665557517,7.88916583192692,10.023402299637262
719,754,E152.C,10.073440810035871,7.982699238801037,10.018314953215206
720,754,E152.C,9.813752558779752,7.769320086342828,9.781638185654614
721,754,E152.C,9.771501225111994,7.580909837549038,9.708778146815296
722,754,E152.C,9.798608138996263,7.7430449363105485,9.746490887628104
723,754,E152.C,10.068489516006954,8.400798962761705,9.992690301104764
724,754,E152.C,9.805584363830055,7.743321246387664,9.710225115635959
725,754,E152.C,9.714017193817273,7.56648886088629,9.602500561934123
726,754,E152.C,9.821673062134284,7.834028394938629,9.74050102927115
727,754,E152.C,9.912583619860895,7.803874489526298,9.805226906236658
728,754,E152.C,9.868839545872946,7.87425874737853,9.71250944782492
729,754,E152.C,9.995917211504482,7.884650132396688,9.922090021513524
730,754,E152.C,9.76475369872564,7.677495832807623,9.70152994113966
731,754,E152.C,10.21309825072116,8.255496940601477,10.137700007140992
732,754,E152.C,10.05883534811333,8.20197556746545,9.964286883155516
733,754,E152.C,10.19265318697282,8.188503752049382,10.136872516126541
734,754,E152.C,10.295804445739307,8.230303430138557,10.279334903917974
735,754,E152.C,10.239323973802538,8.281507364798475,10.202380863329427
736,754,E152.C,9.855332613603638,7.921816212649189,9.740477118585698
737,754,E152.C,9.993000293176083,8.085262249662971,9.917162724306207
738,754,E152.C,9.668962119685666,7.663680768072393,9.589665509384865
739,754,E152.C,9.90683803708289,7.955493434468579,9.832153881888393
740,754,E152.C,9.595240421342892,7.501102059409938,9.478025849211935
741,754,E152.C,10.050564796143604,8.046951020013207,9.994329842825874
742,754,E152.C,9.899442716426213,7.864190865228125,9.806615100463688
743,754,E152.C,9.885544769879633,8.002058724915962,9.780361290293333
744,754,E152.C,9.937361858455734,7.885073452940833,9.830289951858688
745,754,E152.C,9.819872198949275,7.916740206238006,9.742084756586799
746,754,E152.C,9.55378454868768,7.578759857148017,9.279907075150122
747,754,E152.C,9.957092781009248,8.092038760990992,9.850115557540436
748,754,E152.C,10.08051812144656,8.192135686851252,9.967448798413791
749,754,E152.C,9.966328334415802,7.911883332899442,9.863333438312228
750,754,E152.C,9.97226671129514,8.119527830943335,9.854554625397611
751,754,E152.C,9.414466946812516,7.404832810158265,9.332430802891698
752,754,E152.C,9.70315593987082,7.623269913353555,9.591281754950337
753,754,E152.C,9.913038675174867,8.154988154338497,9.84417390680917
754,754,E152.C,9.87529062767348,7.837191235660302,9.775618275409618
755,754,E152.C,9.831153898584201,8.006903639941546,9.725257391908277
756,754,E152.C,9.994483996863194,7.986923881853024,9.90112538278124
757,754,E152.C,9.976806409728216,7.976530153685074,9.863528678555618
758,754,E152.C,9.659025777709683,7.687348939673033,9.587416499463655
759,754,E152.C,9.728593429121362,7.734328289789674,9.618575309327115
760,754,E152.C,9.971206834400508,8.045764521661848,9.794708268409824
761,754,E152.C,10.133415641695079,8.196764851292688,10.000486754884722
762,754,E152.C,9.673517728294097,7.672750463815125,9.550823509381043
763,754,E152.C,9.822072538491996,7.768117858210133,9.6419204905364
764,754,E152.C,9.707398673039254,7.644874857014815,9.625280755584319
765,754,E152.C,10.25853218759368,8.220452163804236,10.225452108663555
766,754,E152.C,9.72766324675026,7.75595819169125,9.634432304493114
767,754,E152.C,9.617344906401303,7.582254912612452,9.545666271349857
768,754,E152.C,9.819155472651106,7.639735360633239,9.667093429547188
769,754,E152.C,10.855897533551149,8.438159875272273,10.808537918419452
770,754,E152.C,10.71196740118311,8.529521498584227,10.635383296941265
771,754,E152.C,10.760884130205689,8.767493676147279,10.732185649132195
772,754,E152.C,10.482709958942356,8.146894026676714,10.455228877514438
773,754,E152.C,10.454233629576231,8.037883622983562,10.370580691912423
774,754,E152.C,10.371498897001596,8.014235874109167,10.306692359067851
775,754,E152.C,10.287895929204094,7.876276923029159,10.243221023361485
776,754,E152.C,10.323856660877343,7.855200435537007,10.282872318962994
777,754,E152.C,10.035806880026366,7.769888300631489,9.917536506918722
778,754,E152.C,9.987911804101385,7.860498784235016,9.943405087355636
779,754,E152.C,10.074199591385346,7.709725557374032,10.034075574445913
780,754,E152.C,9.857737003708442,7.767704989492104,9.802057761824004
781,754,E152.C,10.254784190153604,7.945831043476916,10.216993436007094
782,754,E152.C,10.519536204369073,8.01082574700999,10.47691270299393
783,754,E152.C,10.71612509162805,8.373227804012528,10.69684653709489
784,754,E152.C,10.571613960035117,8.231557221813015,10.512531383311126
785,754,E152.C,10.264640064598693,7.767235770970691,10.225358161016473
786,754,E152.C,10.179581663519338,8.058215337931056,10.08097977815268
787,754,E152.C,10.44152536479069,8.494978560715145,10.31329444091551
788,754,E152.C,9.936352373263839,7.861223038728729,9.804016225981872
789,754,E152.C,10.354416315171614,8.050596027374946,10.205514123600585
790,754,E152.C,10.150743533557067,7.964847413385184,10.04070271573635
791,754,E152.C,10.472337415269394,8.418397532331973,10.353732869365334
792,754,E152.C,9.95168323325285,7.850348641923664,9.826735677842697
793,754,E152.C,9.93179360828171,7.706843067425983,9.798493983916025
794,754,E152.C,10.248933930290535,7.9025259299044155,10.193365144691537
795,754,E152.C,9.873780777372867,7.546942784537749,9.767371471639523
796,754,E152.C,9.959678011563872,7.78469009145815,9.820051820873543
797,754,E152.C,10.250391188915223,8.410651930056577,10.109831654458999
798,754,E152.C,9.850267013415923,7.8711786575611145,9.676445466837157
799,754,E152.C,10.283914813183356,8.157395373954481,10.168597135865419
800,754,E152.C,9.93692283607995,7.836502978133944,9.766254522517482
801,754,E152.C,10.259674229047748,8.020368575031483,10.116789583557757
802,754,E152.C,9.748120311284694,7.625896481427616,9.50495908134988
803,754,E152.C,10.407277987241796,8.018902328759292,10.26120450811944
804,754,E152.C,10.093178900030122,8.02123076059962,9.99069546216877
805,754,E152.C,9.426064375060077,7.462696152827059,9.242788059773147
806,754,E152.C,9.83341925773978,7.780820504510349,9.43624631434493
807,754,E152.C,10.24926962000906,8.159992410323886,9.963330059809852
808,754,E152.C,10.398486282115735,8.251208875678772,10.10804327081717
809,754,E152.C,9.675685463018475,7.470470712412481,9.489462216518174
810,754,E152.C,9.598171269725958,7.480816077387793,9.440953582206165
811,754,E152.C,9.602096458051864,7.6351908937724575,9.452586047581471
812,754,E152.C,9.603729959065822,7.274380795697526,9.404829741070852
813,754,E152.C,10.65712589616355,8.599543595965166,10.51945589648339
814,754,E152.C,10.639919265210672,8.395356419851892,10.459272546688068
815,754,E152.C,9.859813157962666,7.879230646494522,9.649503796285332
816,754,E152.C,10.02283016480828,7.854060131735885,9.784628306054483
817,754,E152.C,9.788721554965067,7.816206057564656,9.609824966532111
818,754,E152.C,10.431328923329042,8.446483681178336,10.269930441866
819,754,E152.C,10.564010144861893,8.90841343853685,10.400861831023887
820,754,E152.C,10.297208324458383,8.52079441864291,10.084514913894902
821,754,E152.C,10.093341412416173,7.72040455722289,9.876079443203636
822,754,E152.C,9.870068178862322,7.88460811938942,9.56747455540015
823,754,E152.C,10.641452360412947,8.278418626145758,10.534306794848177
824,754,E152.C,10.744626818467008,8.497497808490408,10.639274694827257
825,754,E152.C,9.98133166286736,8.19786756477897,9.809223398830165
826,754,E152.C,10.019243040004532,7.914270165238019,9.701870001223798
827,754,E152.C,10.499881780049918,8.258700769147527,10.223249351573623
828,754,E152.C,10.24545935968614,7.9517356348934465,9.986925132060259
829,754,E152.C,10.443468158429198,8.325668564795581,10.206764896874354
830,754,E152.C,10.120999416294723,7.960263147596129,9.954562611588205
831,754,E152.C,9.925101614832089,7.767155416622405,9.6429725155259
832,754,E152.C,9.98268728948116,8.048991548647209,9.733664090457498
833,754,E152.C,9.660547112176861,7.555060147340051,9.411695103682476
834,754,E152.C,10.25471599586414,8.130242435328114,10.079037359952137
835,754,E152.C,9.890922916031956,7.812645262496009,9.609749099521904
836,754,E152.C,9.818191066213005,7.733991105162151,9.591046420142218
837,754,E152.C,9.647548082858068,7.5524536538986,9.344902303932267
838,754,E152.C,10.460225954973657,8.565697996341825,10.10335217973678
839,754,E152.C,9.90974413048243,7.772161880699448,9.709990136863494
840,754,E152.C,9.883834229347768,7.903630921055661,9.626194148709367
841,754,E152.C,9.835636986001893,7.92990867886908,9.458716157941254
842,754,E152.C,9.50841518641317,7.451786212703884,9.258788110433054
843,754,E152.C,9.573665564867106,7.4677806481702795,9.228213110640532
844,754,E152.C,9.754024060359347,7.5652112325467105,9.52938436088578
845,754,E152.C,10.090118434598883,8.11983658432589,9.845951258724874
846,754,E152.C,9.841409138677218,7.571120201604508,9.60440203407461
847,754,E152.C,10.029756379818082,8.046061081351056,9.813078750738981
848,754,E152.C,9.590218103601542,7.534080647479419,9.276154957125831
849,754,E152.C,9.868163474014839,7.640305048763937,9.559334081353855
850,754,E152.C,9.721096574009792,7.4811790596114855,9.380226318390482
851,754,E152.C,9.799022439132008,7.819297817690052,9.488125577203247
852,754,E152.C,9.794235581934569,7.769646785724258,9.513625062706334
853,754,E152.C,9.793713154789025,7.573657602370073,9.550777304660599
854,754,E152.C,9.915401585718628,7.782639509807329,9.657333331932934
855,754,E152.C,9.887023038575114,7.8212696249418405,9.630691271401249
856,754,E152.C,9.923515954695528,7.84352890076368,9.755661184025167
857,754,E152.C,10.550097000506,8.275680861852795,10.423318705513381
858,754,E152.C,10.308339416243756,8.102434923231673,10.01223684651869
859,754,E152.C,10.24475015489517,8.147543850969997,10.068914798739698
860,754,E152.C,10.556085658853169,8.359109267398011,10.423087805229118
861,754,E152.C,11.10643442671578,8.797581481423807,10.966408688780573
862,754,E152.C,11.096783797605601,9.144492802436357,11.057889232176247
863,754,E152.C,10.512033031969708,8.284517339175558,10.444586612473726
864,754,E152.C,10.546015200905725,8.68178601956588,10.443746221247608
865,754,E152.C,9.668160541636025,7.44447378650565,9.378240417719406
866,754,E152.C,10.657300462356476,8.07232491671815,10.58503146804681
867,754,E152.C,10.611499746651095,8.589546753346871,10.4830132502534
868,754,E152.C,10.584876676917133,8.685109679532685,10.516322426153833
869,754,E152.C,10.764344696699968,8.509463591811746,10.579032025215866
870,754,E152.C,10.633247786301627,8.496434890355044,10.528637448450828
871,754,E152.C,10.775373023889758,8.510705447589315,10.632919095204768
872,754,E152.C,9.924465267825969,7.925003358407246,9.802911616641197
873,754,E152.C,10.735663763007851,8.509391690566234,10.638298471510529
874,754,E152.C,10.404415338281861,8.075457796066084,10.298786266344358
875,754,E152.C,10.453997142919436,8.209246318796326,10.339684073029888
876,754,E152.C,10.282798367146532,7.878739555408881,10.130980879250568
877,754,E152.C,10.347846924784049,8.19326609154245,10.254892635440553
878,754,E152.C,10.308157943185567,8.226216103066992,10.118067306201239
879,754,E152.C,10.56842721860896,8.514252974404418,10.43051828293378
880,754,E152.C,10.526873460734928,8.515098352838077,10.405461612836014
881,754,E152.C,10.373324100700344,8.294600350922517,10.255686526865746
882,754,E152.C,10.466875441303417,8.369144033433844,10.359534284885362
883,754,E152.C,10.33993878351503,8.145625018734846,10.255571616152903
884,754,E152.C,10.637017108334149,8.590516768807472,10.496044144168712
885,754,E152.C,10.077211665833852,7.837974178352051,9.962661869844078
886,754,E152.C,10.769231892586005,8.6767932138388,10.645211981507126
887,754,E152.C,10.413018370478717,8.26598952215169,10.308149869407778
888,754,E152.C,10.334234573017183,8.282295156458828,10.190164035616503
889,754,E152.C,10.232776893415547,8.07065207126333,10.042393935570793
890,754,E152.C,10.457038159731926,8.103559613451955,10.348504035398959
891,754,E152.C,10.336099187396009,8.160448449298794,10.09932920580271
892,754,E152.C,9.959196274968328,7.9848677894855165,9.392181364656842
893,754,E152.C,10.194729969032302,8.315186705718597,10.015322125992073
894,754,E152.C,10.143450490856052,8.047437751338098,9.812916622735088
895,754,E152.C,9.96929705361889,7.76004764990001,9.720276608871036
896,754,E152.C,10.101568601984097,7.902411583738374,9.751537247052159
897,754,E152.C,10.017686883770716,7.586276436976151,9.759762507644995
898,754,E152.C,9.932035092688471,7.818549528423849,9.660050397964836
899,754,E152.C,10.040979352810234,7.852535894259908,9.731132097676959
900,754,E152.C,10.232082027878562,7.898900068323888,10.045985339871075
901,754,E152.C,9.954162907174332,7.784899273682326,9.717113790193386
902,754,E152.C,10.244314911394627,8.041172371098105,10.06156313741224
903,754,E152.C,10.34974499426146,8.169496098129848,10.108609473767242
904,754,E152.C,10.01682550963753,8.023986649708126,9.59986170418453
905,754,E152.C,9.801298270121997,7.5540690286940215,9.559341041587532
906,754,E152.C,9.786906319991635,7.7195959202746165,9.601139784038047
907,754,E152.C,10.196720583679262,8.105620568447419,10.0739265522758
908,754,E152.C,9.903758189091569,7.842816131800702,9.675024031435381
909,754,E152.C,10.35581457058841,8.232060040176778,10.107838979422093
910,754,E152.C,10.210435220596585,7.724623227787642,9.971188703824671
911,754,E152.C,9.733051562515012,7.660735286609663,9.30696064709399
912,754,E152.C,10.2070908110628,8.195220702293756,10.103332729048153
913,754,E152.C,10.058624629908163,7.796160297451372,9.74242779168284
914,754,E152.C,9.687748593053511,7.379099750504941,9.38904416877379
915,754,E152.C,10.245862805142515,8.230090362995757,10.097811096999548
916,754,E152.C,10.161245272594412,7.8162022634714265,10.006290826019836
917,754,E152.C,10.467903151558438,8.605590537007052,10.195193211933423
918,754,E152.C,10.489096443197436,8.169498307474694,10.317231043832674
919,754,E152.C,9.905313813075672,7.823647019994493,9.612177333774325
920,754,E152.C,10.100555802134437,7.943540274496022,9.824909800558238
921,754,E152.C,10.015205342160444,8.158483583396979,9.694310890368776
922,754,E152.C,9.759714169812616,7.758333836310613,9.446384136663937
923,754,E152.C,9.970392794211985,7.949693100435507,9.555391913396592
924,754,E152.C,10.379863145207505,8.450184106455684,10.067479250044231
925,754,E152.C,10.214382857236929,7.968575580345968,9.997698825805632
926,754,E152.C,10.395681946476504,8.44659504791208,9.944198486765254
927,754,E152.C,10.415125927110156,8.165356858436283,10.01089124719609
928,754,E152.C,9.974133492760526,7.916905587127752,9.756853556825343
929,754,E152.C,10.306366638252753,8.216990646132867,9.97847299987022
930,754,E152.C,10.344481784207204,8.069664210110117,9.986416722187172
931,754,E152.C,9.9717778516958,7.998659291875556,9.67833306600908
932,754,E152.C,10.18411026381975,8.00582069805345,10.016144387541411
933,754,E152.C,10.077753871730554,7.845608286922903,9.848473421791613
934,754,E152.C,10.246402365721101,8.117098985979537,10.111599572236416
935,754,E152.C,10.09556626521375,8.100473529447106,9.976074761387835
936,754,E152.C,10.29615613002106,8.16780109010964,10.16381058055612
937,754,E152.C,9.831288762273935,7.678681456102092,9.654079732026306
938,754,E152.C,10.735004297049837,8.466215034879365,10.528332800576155
939,754,E152.C,10.169353625190059,7.708952188260287,10.004422464875605
940,754,E152.C,10.542881242702366,8.239947522126727,10.45664953628296
941,754,E152.C,9.315323827143276,7.083871020323429,9.05763980570681
942,754,E152.C,9.345114990279663,7.241538843473771,9.008784584031428
943,754,E152.C,9.413446565322088,7.314870005253428,9.145245080689373
944,754,E152.C,9.329386391938728,7.183574851982832,9.133470533119231
945,754,E152.C,9.647915336797473,7.6404035897424105,9.45398801392627
946,754,E152.C,9.981086189043003,7.636852712218508,9.6044089269658
947,754,E152.C,10.003777216215877,7.757892245574267,9.780435653335765
948,754,E152.C,9.898799118595496,7.783227044485233,9.623870874413704
949,754,E152.C,9.672515436877545,7.612625490389445,9.450530167500519
950,754,E152.C,9.847992297760428,7.857934821794407,9.631758163576775
951,754,E152.C,9.747758730048131,7.660679000172802,9.473770829547346
952,754,E152.C,9.47938307038342,7.382139205518803,9.165400750382114
953,754,E152.C,9.821269619475657,7.722884437406484,9.56184690876938
954,754,E152.C,9.77357488517014,7.739797980131583,9.36799803634591
955,754,E152.C,9.581420829819095,7.44067861666585,9.287374285781581
956,754,E152.C,9.530719841367182,7.626807955428944,9.313469039240145
957,754,E152.C,9.670591646481446,7.441814103061654,9.419931944043888
958,754,E152.C,9.957645162080421,7.962457306846655,9.723149386454523
959,754,E152.C,9.796003183244677,7.625767978882108,9.434144969052664
960,754,E152.C,10.354446266880009,8.197371867200765,10.059203011654102
961,754,E152.C,10.662450255118177,8.511843418471551,10.547528360078404
962,754,E152.C,10.154812456565882,8.122260428673874,9.827991366543644
963,754,E152.C,9.952112251912407,7.715432763377573,9.595910255307226
964,754,E152.C,9.687431069124695,7.784479164990459,9.179137522361591
965,754,E152.C,9.744066459362818,7.822077786443932,9.37237940569706
966,754,E152.C,10.202493437003866,7.9048768492049115,9.771581119707923
967,754,E152.C,9.704869311695665,7.5246439021892595,9.306726823641664
968,754,E152.C,9.675684445268944,7.612530099966781,9.265093579117337
969,754,E152.C,9.672020483280132,7.637245166220541,9.103889842494958
970,754,E152.C,10.053802260917898,8.105750066722358,9.59237459848305
971,754,E152.C,10.091910352288007,7.842564055744649,9.668696906300456
972,754,E152.C,9.819761634933172,7.789131421386591,9.344662858172324
973,754,E152.C,9.841721630537636,7.493917645324168,9.40712150149781
974,754,E152.C,9.98245365235587,7.620065728498171,9.43350938549647
975,754,E152.C,10.245318947906695,8.127952885022761,9.692852638321204
976,754,E152.C,9.956664037162508,7.80971198445821,9.508323199330839
977,754,E152.C,10.06375967594149,8.007846870748237,9.530723420453091
978,754,E152.C,10.166447511854548,8.017551728868796,9.70812485531627
979,754,E152.C,9.86304694491468,7.577975522582555,9.292165388209284
980,754,E152.C,9.789974008895472,7.537664683859993,9.01204952290759
981,754,E152.C,9.834668487628136,7.616941415536944,9.192279799909373
982,754,E152.C,9.653000305850373,7.4959167122676496,8.963992322543925
983,754,E152.C,9.884413156614578,7.62179748459163,9.266747258895556
984,754,E152.C,9.656003674030016,7.554524357411342,9.237562115129785
985,754,E152.C,9.830822936479855,7.560880017591613,9.309785811893615
986,754,E152.C,9.793338041899005,7.571976224396113,9.430195468690313
987,754,E152.C,9.875967125283843,7.750445274666124,9.276787526345727
988,754,E152.C,9.922329977138256,7.6420181891752055,9.434171025902373
989,754,E152.C,10.208085614983986,7.8751459273935716,9.706669560108326
990,754,E152.C,10.16779131311491,8.267142275907155,9.835293013287991
991,754,E152.C,10.226150190082112,8.103949927427847,9.796903602239304
992,754,E152.C,9.706095559378296,7.607800405512108,9.278961386831845
993,754,E152.C,10.097930076606467,7.857920505419083,9.69594699746564
994,754,E152.C,9.945840867549766,7.627066172164664,9.559545320872022
995,754,E152.C,10.52885482939835,8.36069954414941,10.329215372895716
996,754,E152.C,10.073163327466816,7.981300585745992,9.737892624288117
997,754,E152.C,10.316990394642044,7.925525409835955,10.072900316065187
998,754,E152.C,10.212544070731498,7.894107336965434,9.854030734896881
999,754,E152.C,10.41073259720071,8.099472316822283,9.999305144636196
1000,754,E152.C,10.61608334726323,8.618533780188125,10.3429465391764
1001,754,E152.C,10.187945803094172,7.938896171299272,9.567721242223502
1002,754,E152.C,10.118038870245378,7.948554353449299,9.65311813960213
1003,754,E152.C,10.60075528708145,8.233561714590557,10.252317349254415
1004,754,E152.C,10.344803392064808,8.078728592097047,10.009732439546537
1005,754,E152.C,9.81848349226707,7.525500690692864,9.45411132999592
1006,754,E152.C,10.048909879311124,7.981294476317766,9.65706687245294
1007,754,E152.C,9.952979636924676,7.929920040931356,9.48300963893133
1008,754,E152.C,9.970303386323929,7.8202253346485,9.47672544135229
1009,754,E152.C,10.105005859323029,7.784366651997808,9.749621842434621
1010,754,E152.C,10.03986931047804,7.866248224585639,9.615315418798764
1011,754,E152.C,9.986080526005525,8.057007883001097,9.498317923348
1012,754,E152.C,9.972694208949132,7.7245869890586745,9.547030909301482
1013,754,E152.C,10.095204349966293,7.917784866782772,9.857710730497304
1014,754,E152.C,10.106323470135168,8.031038931442554,9.748157840547147
1015,754,E152.C,10.074002454336618,7.881045565367216,9.708012920459224
1016,754,E152.C,10.292660128091107,8.284809163846038,9.845387657875847
1017,754,E152.C,10.218507834796604,7.97803448466539,9.938642836550555
1018,754,E152.C,9.77632233892201,7.536069297808581,9.129317081757867
1019,754,E152.C,10.217051199160926,8.038331079935984,9.749822793358293
1020,754,E152.C,9.929516313750215,7.889282228755452,9.524690508001369
1021,754,E152.C,9.791307243415035,7.766089047674045,9.4053360297023
1022,754,E152.C,9.995496981782479,7.746048370229758,9.587042664933872
1023,754,E152.C,10.027648314260118,7.914371396093898,9.338170308401747
1024,754,E152.C,9.935004015902322,7.931554182888436,9.52350460644971
1025,754,E152.C,10.058706407867216,8.15225540198693,9.48677119760604
1026,754,E152.C,9.86142096371287,7.647352811205073,9.322488942223728
1027,754,E152.C,10.406098644974723,8.014138990649945,9.932919050871742
1028,754,E152.C,9.937617841389413,7.657210194417416,9.553347197037482
1029,754,E152.C,9.917680243847222,7.828465365201218,9.480047875406227
1030,754,E152.C,9.800327581000506,7.792215329979539,9.417880402729505
1031,754,E152.C,10.04172562330898,8.14609832628557,9.630031291987017
1032,754,E152.C,9.872650840606415,7.827402328140981,9.50969514638793
1033,754,E152.C,9.78726935431119,7.845203433288087,9.414288635750754
1034,754,E152.C,10.076733283460426,8.101232460760352,9.621972125432025
1035,754,E152.C,9.891078765412795,7.77411975464339,9.466678091141974
1036,754,E152.C,10.105238542075162,8.159997938780476,9.732810064647651
1037,754,E152.C,10.0202244730719,7.873738302163253,9.567316519416417
1038,754,E152.C,9.911809222297174,7.962126186272031,9.434884800005316
1039,754,E152.C,9.873405298832386,7.699230237502848,9.431552413813485
1040,754,E152.C,9.885188234592592,7.636814438663654,9.451775467270464
1041,754,E152.C,9.673386775321921,7.648263032083988,9.19714554232938
1042,754,E152.C,9.60865596135709,7.541104594969482,9.204159585540202
1043,754,E152.C,10.014133109173185,7.737082094183514,9.626584269784724
1044,754,E152.C,10.305898755686291,8.142462798297466,9.949345532393949
1045,754,E152.C,9.766114470112107,7.605347509911781,9.320213815390789
1046,754,E152.C,9.80418719016382,7.686234724036032,9.38431900395007
1047,754,E152.C,10.056324329680331,7.751151032428912,9.741810699953865
1048,754,E152.C,9.639266813310169,7.532987456230979,9.317006937396183
1049,754,E152.C,9.93447816253183,7.810171321445567,9.683820906355285
1050,754,E152.C,9.835498635930627,7.825658015057412,9.521138715674182
1051,754,E152.C,9.902123670824666,8.00262680149669,9.654589749632596
1052,754,E152.C,9.573855204392478,7.648704680976401,9.330426822521376
1053,754,E152.C,9.848435628865559,7.734907699194044,9.564053029720556
1054,754,E152.C,10.277859539534344,8.355529269612305,9.975987941752047
1055,754,E152.C,9.974766228279751,7.810065664896395,9.703029815251378
1056,754,E152.C,9.95373830002368,7.974000746372429,9.762511436607818
1057,754,E152.C,10.194928129464252,8.132047956557361,9.947876870536364
1058,754,E152.C,10.15330079379418,8.034048199478272,9.857199089197652
1059,754,E152.C,9.879652773009694,7.9034455903521925,9.663596592281827
1060,754,E152.C,9.717549515265874,7.7493056766708195,9.434002887935629
1061,754,E152.C,9.912800229439876,8.067821224210354,9.686855481067582
1062,754,E152.C,10.017356643676347,7.996001669290397,9.794525631840026
1063,754,E152.C,9.656967793128763,7.602515666227091,9.468380159134894
1064,754,E152.C,9.910691051058874,8.069628423572741,9.630042902760483
1065,754,E152.C,10.237489416743621,8.29859803000124,9.86468796189017
1066,754,E152.C,10.120731296893675,8.103487171677294,9.757072865769858
1067,754,E152.C,10.074799723528061,7.968244502865939,9.810624536206998
1068,754,E152.C,10.186146098900515,8.138461173009524,9.871788605496329
1069,754,E152.C,10.193330123276494,8.070098931427609,9.90692042881693
1070,754,E152.C,9.983378149642848,8.03953601236907,9.746096067403599
1071,754,E152.C,9.909259601562644,7.782730652938231,9.623592308774265
1072,754,E152.C,9.925253446979823,8.094217835605509,9.703898105047008
1073,754,E152.C,10.101524507957564,8.171071419731426,9.918828754450152
1074,754,E152.C,9.639651169755322,7.3643997129460335,9.316796717249384
1075,754,E152.C,9.83025010876948,7.864063163275945,9.648352226240263
1076,754,E152.C,9.9840624240534,8.028837247520695,9.754584580764034
1077,754,E152.C,10.041178880498213,7.935169302250101,9.811992902831483
1078,754,E152.C,9.838226114295452,7.758172367886333,9.53700306561847
1079,754,E152.C,9.93693971733589,7.951991080975546,9.725840337920907
1080,754,E152.C,9.890864960906063,7.909177992823261,9.538997772159943
1081,754,E152.C,9.989941794296463,8.036800412457637,9.620992724690579
1082,754,E152.C,9.809619168200522,7.714342023406042,9.449996400791395
1083,754,E152.C,10.107161802976865,8.012859737084176,9.814074212960165
1084,754,E152.C,10.016795832624712,7.952128739091827,9.794428110625727
1085,754,E152.C,9.9378118647293,7.831993325970865,9.636071370530004
1086,754,E152.C,9.945855646951774,7.869154879393958,9.644579741443533
1087,754,E152.C,9.664546772921497,7.526593452570806,9.31338120248762
1088,754,E152.C,9.92770745992711,7.830007188346555,9.597982844318244
1089,754,E152.C,9.793091936431763,7.708046920440246,9.449614393397908
1090,754,E152.C,10.046302182701254,7.779054445915596,9.742525368192126
1091,754,E152.C,9.679789997034652,7.635374696864703,9.337825478738212
1092,754,E152.C,9.831483489369452,7.566769062331598,9.525657498586824
1093,754,E152.C,10.450715995007826,8.263212326276797,10.13967460596648
1094,754,E152.C,10.031754665106074,7.86181385055602,9.520094009271155
1095,754,E152.C,10.536402042550431,8.492190724063592,10.209586499914606
1096,754,E152.C,9.905921864065359,7.6147558967107685,9.733084397646351
1097,754,E152.C,10.484586951846504,8.236722233509559,10.189482488640019
1098,754,E152.C,10.500449913858535,8.368144098123864,10.249431187980873
1099,754,E152.C,9.934224184710837,7.579636923936225,9.476318634459737
1100,754,E152.C,9.705148567448244,7.625061825331866,9.233983934338436
1101,754,E152.C,9.947603176185009,7.763836714376424,9.52314779094358
1102,754,E152.C,10.152896196170493,7.893475023476428,9.932245862514495
1103,754,E152.C,10.306454362432433,8.399998547764344,10.118188378118889
1104,754,E152.C,10.008656463697184,8.060476866402741,9.781721204578734
1105,754,E152.C,10.00376735417576,7.978488532133587,9.734571636081577
1106,754,E152.C,10.071494730932576,8.067470483105776,9.908875387329072
1107,754,E152.C,9.914069957290524,7.913215064822048,9.720334995918513
1108,754,E152.C,9.560677833569645,7.580499739791853,9.248488596482622
1109,754,E152.C,10.043609639042414,7.73603665204556,9.86668362928461
1110,754,E152.C,9.94676322710809,7.921844209253556,9.725634813843797
1111,754,E152.C,10.3646142964729,8.602555964389511,10.060530344304453
1112,754,E152.C,10.24015184629321,8.258144358073247,9.992074944627005
1113,754,E152.C,9.834189285369805,7.767152777532194,9.649525889620174
1114,754,E152.C,9.593160182805196,7.685030595235487,9.285092362479293
1115,754,E152.C,10.149834485025172,8.227750090968794,9.788507590891932
1116,754,E152.C,10.46822485112727,8.46442783159392,10.136742135903983
1117,754,E152.C,9.808152748548634,7.609448716846555,9.544544993816134
1118,754,E152.C,9.882199233995948,7.608265037114156,9.460186700700984
1119,754,E152.C,10.0509625438238,8.025804056515987,9.827912249154817
1120,754,E152.C,9.9009432231072,8.1247193582091,9.561375991675408
1121,754,E152.C,9.971633252497774,8.04584319555397,9.705774400799276
1122,754,E152.C,9.847885238527494,7.912604430153548,9.450339309200315
1123,754,E152.C,10.010265674434562,7.831679817672306,9.770642476391425
1124,754,E152.C,9.888847335392613,7.8611184488264785,9.56832017160379
1125,754,E152.C,10.191423666166019,7.520551410885368,9.836870425793254
1126,754,E152.C,9.913892315159293,7.777173458394043,9.457773444764486
1127,754,E152.C,9.786973827379743,7.669179542520151,9.341379183692002
1128,754,E152.C,9.880242217771931,7.698251433370447,9.412587089663974
1129,754,E152.C,9.728976331980196,7.4294021067963225,9.363901595107885
1130,754,E152.C,9.822696583016624,7.674483401129549,9.36568435810693
1131,754,E152.C,9.803102693403183,7.880217085561902,9.442040235718954
1132,754,E152.C,9.980262023880416,7.936587877835303,9.703385531061693
1133,754,E152.C,9.689513012923385,7.779139943215377,9.255022693340395
1134,754,E152.C,9.977665420162788,7.908820746766825,9.631908317358834
1135,754,E152.C,9.67244457812591,7.42602391075729,9.319865682242815
1136,754,E152.C,9.586823691412917,7.28958480250944,9.040191681099449
1137,754,E152.C,9.79406855483184,7.356862893356352,9.246485422746598
1138,754,E152.C,10.399005127268937,7.764485508035966,10.116567659818786
1139,754,E152.C,9.895065964814194,7.699486967873606,9.459660883136262
1140,754,E152.C,10.332111852298064,8.307274453696103,10.108131154729994
1141,754,E152.C,10.146356425946532,7.813122443892255,9.885446884568143
1142,754,E152.C,10.176066144846722,7.970728350983262,9.843611004615779
1143,754,E152.C,10.319173042730963,8.20012236296049,10.011536229822172
1144,754,E152.C,9.795401296096475,7.865917506755301,9.365754182843112
1145,754,E152.C,10.032652462263831,7.780417811824827,9.573927523523265
1146,754,E152.C,9.742230247493445,7.5151147851231155,9.30716510168314
1147,754,E152.C,9.536810989658695,7.3708034341880335,9.1595551122045
1148,754,E152.C,9.825888669248952,7.755734716038927,9.641567474091179
1149,754,E152.C,9.99713600760295,8.023718529089328,9.548219636338109
1150,754,E152.C,10.308037083611163,8.21760061613994,9.975410675245058
1151,754,E152.C,10.33334190954696,8.457333211463716,10.018189772936536
1152,754,E152.C,10.068313269963397,7.855958602423903,9.779925316502421
1153,754,E152.C,9.896292574715636,7.877588297767852,9.458324938588177
1154,754,E152.C,9.568050212500864,7.431965086060131,9.347505323272815
1155,754,E152.C,10.128213258857581,7.960003745713659,9.85795631903468
1156,754,E152.C,9.8031308362871,7.890276433459124,9.653462886997687
1157,754,E152.C,10.167620561410022,8.367294105331949,9.937085831380566
1158,754,E152.C,9.76562163024686,7.652199352026909,9.421493856547201
1159,754,E152.C,10.206867097076843,8.066082573354153,9.991705319397987
1160,754,E152.C,9.977356249032999,8.097546513646758,9.765227909918694
1161,754,E152.C,9.798302430114543,7.8453951420338415,9.618671899858342
1162,754,E152.C,9.839698841940695,7.8663705260279615,9.53179378642522
1163,754,E152.C,10.226672033747334,8.458414339560976,9.861161664404134
1164,754,E152.C,9.80737979954315,7.706959066758596,9.527555498238812
1165,754,E152.C,9.658590586917748,7.5752619037594755,9.312517666698227
1166,754,E152.C,9.58172808591344,7.341058413415238,9.180960051406949
1167,754,E152.C,9.58013884265304,7.3913453117840024,9.124233419631393
1168,754,E152.C,9.941452518353303,7.964423470228018,9.470144486550131
1169,754,E152.C,10.178861436643869,8.180676614310999,9.891567446657186
1170,754,E152.C,10.203253937645691,8.21785589835296,9.85627682880085
1171,754,E152.C,9.61468785124341,7.41724852871176,9.085256110387524
1172,754,E152.C,9.781613734146902,7.755777727504733,9.45960689848375
1173,754,E152.C,10.080021027031618,7.945401152091649,9.653338583693074
1174,754,E152.C,9.757108309725925,7.6677038772030235,9.35034772877145
1175,754,E152.C,10.41936427229765,8.389962179595889,10.065249542484988
1176,754,E152.C,9.70732891250639,7.608094478370166,9.191251691476864
1177,754,E152.C,9.744761610890633,7.6870496718488495,9.367241663953422
1178,754,E152.C,9.679102613212798,7.618179387839106,9.38487000544353
1179,754,E152.C,9.84559622083757,7.885746445948625,9.489937317621877
1180,754,E152.C,9.489494458256358,7.50714613181811,9.116483616101398
1181,754,E152.C,9.510172708578306,7.368807828573261,9.061124334740244
1182,754,E152.C,9.520142396784669,7.356507059173578,9.186588873426556
1183,754,E152.C,9.79845278476838,7.715396737400552,9.511370712311493
1184,754,E152.C,9.402285043902166,7.2968921589629,8.96807693336749
1185,754,E152.C,9.847586331716554,7.593615840539163,9.429233832821534
1186,754,E152.C,9.720571274613329,7.590427517816005,9.295682240103103
1187,754,E152.C,9.69761187467579,7.57148215848226,9.385080589205543
1188,754,E152.C,9.730025509382859,7.445186474979128,9.396866173308112
1189,754,E152.C,9.838214032931326,7.96209712138793,9.651833847747815
1190,754,E152.C,9.656496366158997,7.441727125411431,9.373083271135318
1191,754,E152.C,9.82544476244066,7.641154576393332,9.488803523992422
1192,754,E152.C,9.729951000396618,7.6810666670837735,9.363398442716198
1193,754,E152.C,9.809113992939439,7.833625862604837,9.479497040473653
1194,754,E152.C,9.52564532616299,7.365794361828837,9.264731436460963
1195,754,E152.C,9.600225063191152,7.581595374640415,9.360355362259384
1196,754,E152.C,9.655148315195433,7.764311336313226,9.503017182724854
1197,754,E152.C,9.665212966896183,7.536153400709133,9.328423393044972
1198,754,E152.C,9.646560222217463,7.740156201471219,9.414456759484464
1199,754,E152.C,9.79965317990734,7.7320720687892655,9.43486214785223
1200,754,E152.C,9.8773308391833,7.703230271859099,9.42858783415459
1201,754,E152.C,10.308841992854905,8.243970827292749,10.07770336609266
1202,754,E152.C,9.530003862431085,7.183986541675928,9.199971498877293
1203,754,E152.C,9.669437492279906,7.669967621655456,9.36959818358662
1204,754,E152.C,9.800734097872692,7.741596335979326,9.572133648267913
1205,754,E152.C,9.84469661478205,7.886239690783115,9.605973015893694
1206,754,E152.C,9.80181077490099,7.679654780638495,9.437393000264633
1207,754,E152.C,9.797330398452337,7.951677221570022,9.501848439378701
1208,754,E152.C,10.057531527690015,8.085504317539732,9.661531919563837
1209,754,E152.C,10.054376933442056,7.922676844615355,9.629861046668228
1210,754,E152.C,10.014873762613133,8.127272184351199,9.533173648207946
1211,754,E152.C,10.104866677764214,7.968675283515795,9.836517572563816
1212,754,E152.C,10.158452853425768,8.170858838007725,9.870769051367482
1213,754,E152.C,9.918466790522691,7.925774679280315,9.601684838432949
1214,754,E152.C,10.103865611503908,8.171291973329323,9.869238686042006
1215,754,E152.C,10.427462667061587,8.208581527344888,10.111253418846736
1216,754,E152.C,10.311752811274468,8.034456109667609,9.780604598542183
1217,754,E152.C,9.749372492602639,7.601405086669904,9.269053592703841
1218,754,E152.C,10.518867934652176,8.306383341003604,10.086292657527538
1219,754,E152.C,10.24658315251011,8.270688500097323,9.811617570017937
1220,754,E152.C,10.24161647465067,8.028586858615435,9.856832133797502
1221,754,E152.C,10.623314829504691,8.460270661051997,10.406254609939493
1222,754,E152.C,10.097878716664852,7.889621615721854,9.773813805135328
1223,754,E152.C,10.148242376362573,8.000843812103934,9.647288367831788
1224,754,E152.C,10.074588476975327,7.788074485002508,9.697796197218027
1225,754,E152.C,10.085025090868662,7.981704884909456,9.743855665692648
1226,754,E152.C,10.359069148069857,8.317676576383024,9.875345557245819
1227,754,E152.C,9.934687683019192,7.907544954898701,9.466496892981914
1228,754,E152.C,9.751544897982598,7.593580761407596,9.345856119822022
1229,754,E152.C,10.001966971136122,7.911431691031895,9.585869171321105
1230,754,E152.C,10.021587803719884,7.865699024066176,9.532471678685791
1231,754,E152.C,10.233295882920737,7.90095622280846,9.748425233895235
1232,754,E152.C,10.490704366720555,8.296678723929098,10.19255019365516
1233,754,E152.C,10.6526103264948,8.698435578398069,10.095545144898171
1234,754,E152.C,10.486136271951732,8.181328373168023,10.205233353374124
1235,754,E152.C,10.350987913719116,8.1512924155145,9.913959939433434
1236,754,E152.C,10.0962904465669,7.936129485852292,9.662961601949787
1237,754,E152.C,10.333330573666396,8.3628806398849,9.94566041627589
1238,754,E152.C,10.417716896767926,8.133696707764404,9.976387116222025
1239,754,E152.C,9.863913442465767,7.786967785345028,9.369909206191597
1240,754,E152.C,10.183290090875978,7.871154235187657,9.76246758334418
1241,754,E152.C,9.821245941190966,7.5529260690949105,9.347545562277162
1242,754,E152.C,9.775564877378802,7.7767519858031555,9.366067296012904
1243,754,E152.C,10.457759828101354,8.355530066038853,10.065480945826112
1244,754,E152.C,9.779133905240633,7.62727776134376,9.16834504841074
1245,754,E152.C,10.128498486548574,8.157480685301412,9.4426046983864
1246,754,E152.C,9.907230584109147,7.681697619932642,9.275024325120734
1247,754,E152.C,9.950172977285735,7.725609291875565,9.416599508286811
1248,754,E152.C,9.630030045516351,7.505359109230634,9.033788632159673
1249,754,E152.C,9.882349329541505,7.70334093061525,9.307323382674182
