ion_id,total_frames,D173.A_pct,E141.A_pct,N184.B_pct,N184.C_pct,N184.D_pct,E152.C_pct,E152.D_pct,D173.A_count,E141.A_count,N184.B_count,N184.C_count,N184.D_count,E152.C_count,E152.D_count,E152.B_pct,E152.B_count
1311_1,1662,22.081829121540313,10.529482551143202,2.527075812274368,9.386281588447654,1.3237063778580023,48.014440433213,6.137184115523466,367.0,175.0,42.0,156.0,22.0,798.0,102.0,0.0,0.0
1314_1,77,3.896103896103896,0.0,15.584415584415584,54.54545454545454,6.493506493506493,0.0,11.688311688311687,3.0,0.0,12.0,42.0,5.0,0.0,9.0,0.0,0.0
1315_1,406,33.251231527093594,30.049261083743843,15.517241379310345,18.472906403940886,0.7389162561576355,1.2315270935960592,0.0,135.0,122.0,63.0,75.0,3.0,5.0,0.0,0.0,0.0
1316_1,150,0.6666666666666667,0.0,18.0,23.333333333333332,2.666666666666667,1.3333333333333335,2.0,1.0,0.0,27.0,35.0,4.0,2.0,3.0,0.0,0.0
1312_1,106,5.660377358490567,0.0,48.113207547169814,20.754716981132077,21.69811320754717,1.8867924528301887,1.8867924528301887,6.0,0.0,51.0,22.0,23.0,2.0,2.0,0.0,0.0
2280_1,633,0.47393364928909953,0.0,5.371248025276461,1.7377567140600316,8.372827804107425,1.7377567140600316,79.93680884676145,3.0,0.0,34.0,11.0,53.0,11.0,506.0,0.0,0.0
2299_1,315,48.25396825396825,22.53968253968254,20.317460317460316,6.031746031746032,1.5873015873015872,0.31746031746031744,0.6349206349206349,152.0,71.0,64.0,19.0,5.0,1.0,2.0,0.0,0.0
2203_1,158,22.151898734177212,2.5316455696202533,21.518987341772153,9.49367088607595,0.6329113924050633,3.1645569620253164,1.2658227848101267,35.0,4.0,34.0,15.0,1.0,5.0,2.0,0.0,0.0
2271_1,334,14.071856287425149,12.574850299401197,11.676646706586826,11.377245508982035,1.7964071856287425,14.97005988023952,22.45508982035928,47.0,42.0,39.0,38.0,6.0,50.0,75.0,0.0,0.0
2313_1,862,20.417633410672853,13.68909512761021,12.529002320185615,6.612529002320186,2.088167053364269,12.180974477958237,32.25058004640371,176.0,118.0,108.0,57.0,18.0,105.0,278.0,0.11600928074245939,1.0
2265_1,18,11.11111111111111,11.11111111111111,22.22222222222222,11.11111111111111,5.555555555555555,5.555555555555555,5.555555555555555,2.0,2.0,4.0,2.0,1.0,1.0,1.0,0.0,0.0
2188_1,296,43.24324324324324,19.256756756756758,19.594594594594593,5.405405405405405,1.3513513513513513,6.756756756756757,4.391891891891892,128.0,57.0,58.0,16.0,4.0,20.0,13.0,0.0,0.0
2246_1,94,26.595744680851062,7.446808510638298,27.659574468085108,19.148936170212767,0.0,6.382978723404255,1.0638297872340425,25.0,7.0,26.0,18.0,0.0,6.0,1.0,0.0,0.0
2241_1,29,55.172413793103445,3.4482758620689653,24.137931034482758,10.344827586206897,0.0,6.896551724137931,0.0,16.0,1.0,7.0,3.0,0.0,2.0,0.0,0.0,0.0
2315_1,175,47.42857142857143,31.428571428571427,9.142857142857142,10.285714285714285,0.5714285714285714,1.1428571428571428,0.0,83.0,55.0,16.0,18.0,1.0,2.0,0.0,0.0,0.0
2253_1,216,4.166666666666666,0.4629629629629629,18.51851851851852,16.666666666666664,6.944444444444445,8.333333333333332,13.88888888888889,9.0,1.0,40.0,36.0,15.0,18.0,30.0,0.0,0.0
2434_1,366,15.300546448087433,3.278688524590164,4.918032786885246,17.48633879781421,2.459016393442623,55.19125683060109,0.546448087431694,56.0,12.0,18.0,64.0,9.0,202.0,2.0,0.0,0.0
2194_1,50,28.000000000000004,22.0,38.0,0.0,2.0,10.0,0.0,14.0,11.0,19.0,0.0,1.0,5.0,0.0,0.0,0.0
2197_1,210,6.666666666666667,0.4761904761904762,8.571428571428571,11.904761904761903,2.380952380952381,9.047619047619047,60.476190476190474,14.0,1.0,18.0,25.0,5.0,19.0,127.0,0.0,0.0
2295_1,185,57.2972972972973,5.405405405405405,9.18918918918919,20.0,4.864864864864865,3.2432432432432434,0.0,106.0,10.0,17.0,37.0,9.0,6.0,0.0,0.0,0.0
1312_2,101,57.42574257425742,10.891089108910892,17.82178217821782,8.91089108910891,0.9900990099009901,0.9900990099009901,0.9900990099009901,58.0,11.0,18.0,9.0,1.0,1.0,1.0,0.0,0.0
2201_1,357,13.725490196078432,2.801120448179272,2.801120448179272,8.96358543417367,4.481792717086835,0.2801120448179272,66.94677871148458,49.0,10.0,10.0,32.0,16.0,1.0,239.0,0.0,0.0
2296_1,242,18.181818181818183,2.479338842975207,5.785123966942149,24.380165289256198,2.479338842975207,45.04132231404959,0.4132231404958678,44.0,6.0,14.0,59.0,6.0,109.0,1.0,0.0,0.0
2182_1,12,0.0,0.0,41.66666666666667,50.0,8.333333333333332,0.0,0.0,0.0,0.0,5.0,6.0,1.0,0.0,0.0,0.0,0.0
2308_1,55,52.72727272727272,10.909090909090908,21.818181818181817,9.090909090909092,0.0,5.454545454545454,0.0,29.0,6.0,12.0,5.0,0.0,3.0,0.0,0.0,0.0
2171_1,156,27.564102564102566,7.051282051282051,19.871794871794872,21.794871794871796,1.282051282051282,0.0,21.794871794871796,43.0,11.0,31.0,34.0,2.0,0.0,34.0,0.0,0.0
2230_1,32,12.5,0.0,9.375,53.125,21.875,0.0,3.125,4.0,0.0,3.0,17.0,7.0,0.0,1.0,0.0,0.0
2327_1,355,25.352112676056336,49.014084507042256,9.014084507042254,4.788732394366197,0.0,11.830985915492958,0.0,90.0,174.0,32.0,17.0,0.0,42.0,0.0,0.0,0.0
2193_1,85,7.0588235294117645,32.94117647058823,12.941176470588237,3.5294117647058822,1.1764705882352942,0.0,1.1764705882352942,6.0,28.0,11.0,3.0,1.0,0.0,1.0,0.0,0.0
2202_1,1585,14.889589905362776,4.100946372239748,2.3974763406940065,5.867507886435331,7.066246056782334,24.290220820189273,41.198738170347006,236.0,65.0,38.0,93.0,112.0,385.0,653.0,0.06309148264984228,1.0
2227_1,122,6.557377049180328,0.0,4.918032786885246,11.475409836065573,7.377049180327869,39.34426229508197,30.327868852459016,8.0,0.0,6.0,14.0,9.0,48.0,37.0,0.0,0.0
2312_1,52,9.615384615384617,0.0,30.76923076923077,5.769230769230769,0.0,1.9230769230769231,0.0,5.0,0.0,16.0,3.0,0.0,1.0,0.0,0.0,0.0
2302_1,104,20.192307692307693,2.8846153846153846,14.423076923076922,12.5,4.807692307692308,41.34615384615385,0.0,21.0,3.0,15.0,13.0,5.0,43.0,0.0,0.0,0.0
2266_1,186,50.0,22.043010752688172,13.440860215053762,6.989247311827956,2.1505376344086025,0.5376344086021506,2.6881720430107525,93.0,41.0,25.0,13.0,4.0,1.0,5.0,0.0,0.0
2188_2,6,0.0,0.0,50.0,0.0,16.666666666666664,0.0,16.666666666666664,0.0,0.0,3.0,0.0,1.0,0.0,1.0,0.0,0.0
2215_1,223,11.659192825112108,1.7937219730941705,5.829596412556054,5.829596412556054,0.0,74.88789237668162,0.0,26.0,4.0,13.0,13.0,0.0,167.0,0.0,0.0,0.0
2304_1,31,12.903225806451612,3.225806451612903,29.03225806451613,45.16129032258064,3.225806451612903,3.225806451612903,3.225806451612903,4.0,1.0,9.0,14.0,1.0,1.0,1.0,0.0,0.0
2249_1,7,0.0,0.0,14.285714285714285,57.14285714285714,0.0,28.57142857142857,0.0,0.0,0.0,1.0,4.0,0.0,2.0,0.0,0.0,0.0
2232_1,426,17.84037558685446,2.112676056338028,6.807511737089202,11.267605633802818,0.9389671361502347,59.859154929577464,1.1737089201877933,76.0,9.0,29.0,48.0,4.0,255.0,5.0,0.0,0.0
2247_1,4,0.0,0.0,25.0,50.0,0.0,0.0,25.0,0.0,0.0,1.0,2.0,0.0,0.0,1.0,0.0,0.0
2183_1,1493,45.277963831212325,23.442732752846617,6.095110515740121,4.152712659075687,3.2819825853985263,9.57803081044876,4.48760884125921,676.0,350.0,91.0,62.0,49.0,143.0,67.0,3.6838580040187545,55.0
2294_1,12,16.666666666666664,0.0,33.33333333333333,33.33333333333333,0.0,8.333333333333332,8.333333333333332,2.0,0.0,4.0,4.0,0.0,1.0,1.0,0.0,0.0
2224_1,44,47.72727272727273,2.272727272727273,13.636363636363635,27.27272727272727,9.090909090909092,0.0,0.0,21.0,1.0,6.0,12.0,4.0,0.0,0.0,0.0,0.0
2438_1,9,33.33333333333333,0.0,11.11111111111111,22.22222222222222,11.11111111111111,11.11111111111111,11.11111111111111,3.0,0.0,1.0,2.0,1.0,1.0,1.0,0.0,0.0
2267_1,36,13.88888888888889,0.0,11.11111111111111,13.88888888888889,0.0,58.333333333333336,0.0,5.0,0.0,4.0,5.0,0.0,21.0,0.0,0.0,0.0
2280_2,997,8.72617853560682,2.106318956870612,6.118355065195587,7.12136409227683,10.230692076228685,10.531594784353059,44.132397191574725,87.0,21.0,61.0,71.0,102.0,105.0,440.0,11.033099297893681,110.0
2291_1,13,46.15384615384615,0.0,7.6923076923076925,30.76923076923077,15.384615384615385,0.0,0.0,6.0,0.0,1.0,4.0,2.0,0.0,0.0,0.0,0.0
2308_2,16,43.75,0.0,18.75,37.5,0.0,0.0,0.0,7.0,0.0,3.0,6.0,0.0,0.0,0.0,0.0,0.0
2247_2,26,26.923076923076923,7.6923076923076925,34.61538461538461,3.8461538461538463,3.8461538461538463,19.230769230769234,3.8461538461538463,7.0,2.0,9.0,1.0,1.0,5.0,1.0,0.0,0.0
2179_1,36,5.555555555555555,2.7777777777777777,38.88888888888889,27.77777777777778,13.88888888888889,8.333333333333332,2.7777777777777777,2.0,1.0,14.0,10.0,5.0,3.0,1.0,0.0,0.0
2167_1,24,4.166666666666666,4.166666666666666,16.666666666666664,25.0,16.666666666666664,8.333333333333332,20.833333333333336,1.0,1.0,4.0,6.0,4.0,2.0,5.0,0.0,0.0
2305_1,442,22.624434389140273,4.524886877828054,2.7149321266968327,9.049773755656108,5.203619909502263,36.199095022624434,1.583710407239819,100.0,20.0,12.0,40.0,23.0,160.0,7.0,18.099547511312217,80.0
2228_1,17,5.88235294117647,0.0,70.58823529411765,5.88235294117647,0.0,0.0,5.88235294117647,1.0,0.0,12.0,1.0,0.0,0.0,1.0,11.76470588235294,2.0
2197_2,10,20.0,0.0,10.0,20.0,0.0,0.0,20.0,2.0,0.0,1.0,2.0,0.0,0.0,2.0,30.0,3.0
2248_1,235,12.340425531914894,1.276595744680851,7.234042553191489,14.468085106382977,29.78723404255319,0.425531914893617,12.340425531914894,29.0,3.0,17.0,34.0,70.0,1.0,29.0,21.70212765957447,51.0
2438_2,132,18.181818181818183,3.0303030303030303,12.121212121212121,15.151515151515152,2.272727272727273,40.909090909090914,0.7575757575757576,24.0,4.0,16.0,20.0,3.0,54.0,1.0,7.575757575757576,10.0
2289_1,846,19.858156028368796,8.037825059101655,11.702127659574469,4.137115839243498,6.1465721040189125,14.30260047281324,15.130023640661939,168.0,68.0,99.0,35.0,52.0,121.0,128.0,20.685579196217493,175.0
2170_1,389,17.737789203084834,2.570694087403599,12.596401028277635,8.226221079691516,4.370179948586118,45.501285347043705,0.0,69.0,10.0,49.0,32.0,17.0,177.0,0.0,8.997429305912597,35.0
2249_2,434,27.64976958525346,10.599078341013826,11.29032258064516,3.225806451612903,0.6912442396313364,15.207373271889402,0.0,120.0,46.0,49.0,14.0,3.0,66.0,0.0,31.336405529953915,136.0
2269_1,42,21.428571428571427,16.666666666666664,26.190476190476193,4.761904761904762,2.380952380952381,0.0,0.0,9.0,7.0,11.0,2.0,1.0,0.0,0.0,28.57142857142857,12.0
2439_1,868,2.880184331797235,1.0368663594470047,2.6497695852534564,1.2672811059907834,21.313364055299537,0.6912442396313364,64.63133640552995,25.0,9.0,23.0,11.0,185.0,6.0,561.0,5.529953917050691,48.0
2263_1,1,100.0,0.0,0.0,0.0,0.0,0.0,0.0,1.0,0.0,0.0,0.0,0.0,0.0,0.0,0.0,0.0
2308_3,240,36.25,9.583333333333334,7.916666666666666,5.416666666666667,2.9166666666666665,35.41666666666667,0.8333333333333334,87.0,23.0,19.0,13.0,7.0,85.0,2.0,1.6666666666666667,4.0
2224_2,102,3.9215686274509802,1.9607843137254901,15.686274509803921,9.803921568627452,9.803921568627452,0.9803921568627451,0.0,4.0,2.0,16.0,10.0,10.0,1.0,0.0,57.84313725490197,59.0
2441_1,24,16.666666666666664,0.0,33.33333333333333,4.166666666666666,0.0,12.5,16.666666666666664,4.0,0.0,8.0,1.0,0.0,3.0,4.0,8.333333333333332,2.0
2256_1,57,38.59649122807017,24.561403508771928,12.280701754385964,10.526315789473683,5.263157894736842,7.017543859649122,0.0,22.0,14.0,7.0,6.0,3.0,4.0,0.0,1.7543859649122806,1.0
2217_1,995,20.7035175879397,13.467336683417086,3.2160804020100504,3.1155778894472363,2.3115577889447234,53.66834170854271,1.9095477386934674,206.0,134.0,32.0,31.0,23.0,534.0,19.0,1.6080402010050252,16.0
2186_1,95,22.105263157894736,0.0,29.47368421052631,6.315789473684211,7.368421052631578,0.0,1.0526315789473684,21.0,0.0,28.0,6.0,7.0,0.0,1.0,33.68421052631579,32.0
2178_1,22,13.636363636363635,0.0,36.36363636363637,27.27272727272727,13.636363636363635,9.090909090909092,0.0,3.0,0.0,8.0,6.0,3.0,2.0,0.0,0.0,0.0
2197_3,63,3.1746031746031744,1.5873015873015872,6.349206349206349,7.936507936507936,15.873015873015872,0.0,0.0,2.0,1.0,4.0,5.0,10.0,0.0,0.0,65.07936507936508,41.0
2201_2,113,11.504424778761061,0.8849557522123894,4.424778761061947,8.849557522123893,4.424778761061947,4.424778761061947,0.8849557522123894,13.0,1.0,5.0,10.0,5.0,5.0,1.0,63.716814159292035,72.0
2210_1,7,28.57142857142857,0.0,14.285714285714285,14.285714285714285,14.285714285714285,14.285714285714285,0.0,2.0,0.0,1.0,1.0,1.0,1.0,0.0,14.285714285714285,1.0
2296_2,143,53.84615384615385,35.66433566433567,6.293706293706294,2.097902097902098,0.0,0.0,0.0,77.0,51.0,9.0,3.0,0.0,0.0,0.0,2.097902097902098,3.0
2438_3,165,12.727272727272727,3.0303030303030303,14.545454545454545,1.8181818181818181,5.454545454545454,0.0,0.0,21.0,5.0,24.0,3.0,9.0,0.0,0.0,62.42424242424243,103.0
2299_2,22,27.27272727272727,4.545454545454546,4.545454545454546,18.181818181818183,13.636363636363635,13.636363636363635,0.0,6.0,1.0,1.0,4.0,3.0,3.0,0.0,4.545454545454546,1.0
1315_2,25,76.0,0.0,0.0,16.0,4.0,4.0,0.0,19.0,0.0,0.0,4.0,1.0,1.0,0.0,0.0,0.0
2202_2,3,66.66666666666666,0.0,0.0,33.33333333333333,0.0,0.0,0.0,2.0,0.0,0.0,1.0,0.0,0.0,0.0,0.0,0.0
2258_1,826,0.12106537530266344,2.0581113801452786,3.14769975786925,0.48426150121065376,24.33414043583535,0.36319612590799033,61.138014527845044,1.0,17.0,26.0,4.0,201.0,3.0,505.0,8.353510895883778,69.0
2199_1,741,13.225371120107962,6.612685560053981,12.145748987854251,24.021592442645073,0.5398110661268556,10.526315789473683,7.152496626180836,98.0,49.0,90.0,178.0,4.0,78.0,53.0,6.882591093117409,51.0
2207_1,183,0.546448087431694,0.0,16.939890710382514,1.092896174863388,2.185792349726776,0.0,1.092896174863388,1.0,0.0,31.0,2.0,4.0,0.0,2.0,78.14207650273224,143.0
2257_1,302,31.788079470198678,11.920529801324504,12.251655629139073,9.271523178807946,5.298013245033113,18.211920529801322,0.33112582781456956,96.0,36.0,37.0,28.0,16.0,55.0,1.0,10.927152317880795,33.0
2192_1,3,0.0,0.0,33.33333333333333,0.0,0.0,33.33333333333333,0.0,0.0,0.0,1.0,0.0,0.0,1.0,0.0,33.33333333333333,1.0
2177_1,22,9.090909090909092,0.0,13.636363636363635,4.545454545454546,0.0,0.0,9.090909090909092,2.0,0.0,3.0,1.0,0.0,0.0,2.0,27.27272727272727,6.0
2201_3,12,8.333333333333332,0.0,33.33333333333333,0.0,33.33333333333333,0.0,16.666666666666664,1.0,0.0,4.0,0.0,4.0,0.0,2.0,8.333333333333332,1.0
2290_1,36,11.11111111111111,0.0,19.444444444444446,8.333333333333332,2.7777777777777777,5.555555555555555,5.555555555555555,4.0,0.0,7.0,3.0,1.0,2.0,2.0,0.0,0.0
2266_2,49,22.448979591836736,8.16326530612245,32.6530612244898,0.0,0.0,2.0408163265306123,10.204081632653061,11.0,4.0,16.0,0.0,0.0,1.0,5.0,8.16326530612245,4.0
2297_1,54,55.55555555555556,5.555555555555555,20.37037037037037,5.555555555555555,1.8518518518518516,7.4074074074074066,0.0,30.0,3.0,11.0,3.0,1.0,4.0,0.0,3.7037037037037033,2.0
1312_3,965,12.849740932642487,13.160621761658032,9.015544041450777,6.321243523316062,3.5233160621761654,33.8860103626943,0.10362694300518134,124.0,127.0,87.0,61.0,34.0,327.0,1.0,21.139896373056995,204.0
2183_2,68,2.941176470588235,1.4705882352941175,10.294117647058822,22.058823529411764,11.76470588235294,48.529411764705884,2.941176470588235,2.0,1.0,7.0,15.0,8.0,33.0,2.0,0.0,0.0
2169_1,109,0.9174311926605505,0.0,21.100917431192663,12.844036697247708,7.339449541284404,1.834862385321101,0.9174311926605505,1.0,0.0,23.0,14.0,8.0,2.0,1.0,55.04587155963303,60.0
2179_2,8,12.5,0.0,0.0,62.5,12.5,0.0,0.0,1.0,0.0,0.0,5.0,1.0,0.0,0.0,12.5,1.0
2212_1,355,23.098591549295776,29.295774647887324,10.985915492957748,8.169014084507042,8.169014084507042,17.464788732394364,0.0,82.0,104.0,39.0,29.0,29.0,62.0,0.0,2.8169014084507045,10.0
2197_4,125,20.8,8.799999999999999,15.2,16.8,12.0,0.8,21.6,26.0,11.0,19.0,21.0,15.0,1.0,27.0,1.6,2.0
1315_3,11,9.090909090909092,9.090909090909092,27.27272727272727,36.36363636363637,9.090909090909092,9.090909090909092,0.0,1.0,1.0,3.0,4.0,1.0,1.0,0.0,0.0,0.0
2314_1,297,20.53872053872054,31.986531986531986,11.11111111111111,6.0606060606060606,3.0303030303030303,25.252525252525253,0.0,61.0,95.0,33.0,18.0,9.0,75.0,0.0,2.0202020202020203,6.0
2248_2,50,18.0,2.0,12.0,32.0,12.0,8.0,6.0,9.0,1.0,6.0,16.0,6.0,4.0,3.0,4.0,2.0
2229_1,97,11.34020618556701,14.432989690721648,14.432989690721648,16.49484536082474,5.154639175257731,14.432989690721648,1.0309278350515463,11.0,14.0,14.0,16.0,5.0,14.0,1.0,22.68041237113402,22.0
2304_2,117,15.384615384615385,30.76923076923077,12.82051282051282,6.837606837606838,20.51282051282051,0.0,10.256410256410255,18.0,36.0,15.0,8.0,24.0,0.0,12.0,3.418803418803419,4.0
2299_3,265,13.20754716981132,12.075471698113208,10.943396226415095,21.88679245283019,12.452830188679245,1.8867924528301887,13.584905660377359,35.0,32.0,29.0,58.0,33.0,5.0,36.0,10.943396226415095,29.0
2297_2,176,14.204545454545455,21.022727272727273,9.659090909090908,1.1363636363636365,6.25,0.0,13.636363636363635,25.0,37.0,17.0,2.0,11.0,0.0,24.0,31.818181818181817,56.0
2285_1,21,4.761904761904762,0.0,19.047619047619047,0.0,23.809523809523807,9.523809523809524,9.523809523809524,1.0,0.0,4.0,0.0,5.0,2.0,2.0,33.33333333333333,7.0
2239_1,129,5.426356589147287,0.0,6.976744186046512,17.829457364341085,22.48062015503876,22.48062015503876,0.0,7.0,0.0,9.0,23.0,29.0,29.0,0.0,24.8062015503876,32.0
2442_1,36,25.0,13.88888888888889,13.88888888888889,16.666666666666664,11.11111111111111,5.555555555555555,5.555555555555555,9.0,5.0,5.0,6.0,4.0,2.0,2.0,8.333333333333332,3.0
2440_1,815,0.245398773006135,0.0,1.4723926380368098,2.208588957055215,23.43558282208589,0.245398773006135,68.46625766871166,2.0,0.0,12.0,18.0,191.0,2.0,558.0,3.92638036809816,32.0
2228_2,82,29.268292682926827,53.65853658536586,12.195121951219512,2.4390243902439024,0.0,1.2195121951219512,1.2195121951219512,24.0,44.0,10.0,2.0,0.0,1.0,1.0,0.0,0.0
2305_2,217,22.119815668202765,18.433179723502306,5.0691244239631335,16.129032258064516,3.686635944700461,34.10138248847927,0.0,48.0,40.0,11.0,35.0,8.0,74.0,0.0,0.4608294930875576,1.0
2184_1,10,0.0,0.0,20.0,10.0,30.0,10.0,10.0,0.0,0.0,2.0,1.0,3.0,1.0,1.0,10.0,1.0
2322_1,62,3.225806451612903,0.0,22.58064516129032,9.67741935483871,22.58064516129032,3.225806451612903,38.70967741935484,2.0,0.0,14.0,6.0,14.0,2.0,24.0,0.0,0.0
2242_1,26,15.384615384615385,3.8461538461538463,65.38461538461539,3.8461538461538463,0.0,0.0,3.8461538461538463,4.0,1.0,17.0,1.0,0.0,0.0,1.0,7.6923076923076925,2.0
2311_1,472,12.711864406779661,11.652542372881355,14.61864406779661,2.9661016949152543,1.694915254237288,0.0,0.0,60.0,55.0,69.0,14.0,8.0,0.0,0.0,56.355932203389834,266.0
2271_2,440,29.545454545454547,40.22727272727273,10.681818181818182,7.727272727272727,1.8181818181818181,3.8636363636363633,0.45454545454545453,130.0,177.0,47.0,34.0,8.0,17.0,2.0,5.227272727272727,23.0
2307_1,6,0.0,16.666666666666664,33.33333333333333,33.33333333333333,0.0,0.0,16.666666666666664,0.0,1.0,2.0,2.0,0.0,0.0,1.0,0.0,0.0
2206_1,87,20.689655172413794,18.39080459770115,27.586206896551722,32.18390804597701,1.1494252873563218,0.0,0.0,18.0,16.0,24.0,28.0,1.0,0.0,0.0,0.0,0.0
2250_1,182,25.82417582417583,10.43956043956044,13.736263736263737,30.21978021978022,1.6483516483516485,14.285714285714285,3.296703296703297,47.0,19.0,25.0,55.0,3.0,26.0,6.0,0.5494505494505495,1.0
2226_1,469,16.204690831556505,14.285714285714285,4.904051172707889,5.970149253731343,2.1321961620469083,32.19616204690831,2.771855010660981,76.0,67.0,23.0,28.0,10.0,151.0,13.0,8.528784648187633,40.0
2309_1,6,0.0,0.0,16.666666666666664,16.666666666666664,0.0,16.666666666666664,50.0,0.0,0.0,1.0,1.0,0.0,1.0,3.0,0.0,0.0
2282_1,26,26.923076923076923,0.0,3.8461538461538463,7.6923076923076925,0.0,11.538461538461538,7.6923076923076925,7.0,0.0,1.0,2.0,0.0,3.0,2.0,3.8461538461538463,1.0
2200_1,19,10.526315789473683,0.0,0.0,52.63157894736842,26.31578947368421,5.263157894736842,0.0,2.0,0.0,0.0,10.0,5.0,1.0,0.0,5.263157894736842,1.0
2264_1,33,0.0,3.0303030303030303,9.090909090909092,30.303030303030305,6.0606060606060606,9.090909090909092,21.21212121212121,0.0,1.0,3.0,10.0,2.0,3.0,7.0,9.090909090909092,3.0
2443_1,122,35.24590163934426,35.24590163934426,13.114754098360656,3.278688524590164,1.639344262295082,1.639344262295082,0.0,43.0,43.0,16.0,4.0,2.0,2.0,0.0,9.836065573770492,12.0
2189_1,165,13.939393939393941,8.484848484848486,19.393939393939394,15.757575757575756,4.848484848484849,23.03030303030303,2.4242424242424243,23.0,14.0,32.0,26.0,8.0,38.0,4.0,4.242424242424243,7.0
2327_2,5,40.0,0.0,20.0,20.0,0.0,0.0,20.0,2.0,0.0,1.0,1.0,0.0,0.0,1.0,0.0,0.0
2304_3,51,0.0,1.9607843137254901,9.803921568627452,1.9607843137254901,1.9607843137254901,0.0,0.0,0.0,1.0,5.0,1.0,1.0,0.0,0.0,84.31372549019608,43.0
2266_3,6,16.666666666666664,0.0,16.666666666666664,16.666666666666664,16.666666666666664,16.666666666666664,16.666666666666664,1.0,0.0,1.0,1.0,1.0,1.0,1.0,0.0,0.0
