frame,resid,resname,Fx,Fy,Fz,magnitude,cosine_with_motion,aligned_force_magnitude,source_type,motion_vec_x,motion_vec_y,motion_vec_z,motion_mag
799,98,GLU,-1.7084961291402578,0.06302498141303658,-1.6759194657206535,2.394083797019386,0.014075748805088448,0.03369852214517723,residue,0.07966232299804688,-0.7161598205566406,-0.12284088134765625,0.7309725414921096
799,426,GLU,2.078721262514591,0.5097026848234236,-1.3607161790132523,2.536223064711558,-0.01741252492229423,-0.04416204732278745,residue,0.07966232299804688,-0.7161598205566406,-0.12284088134765625,0.7309725414921096
799,754,GLU,-0.46086547093000263,1.6208665631711483,-1.2099583959206939,2.0745131278834466,-0.6916858169006836,-1.434911307531254,residue,0.07966232299804688,-0.7161598205566406,-0.12284088134765625,0.7309725414921096
799,1082,GLU,0.6410107836127281,-1.752052202820778,-1.434264786541462,2.353231230463715,0.8615541542055516,2.027436142412255,residue,0.07966232299804688,-0.7161598205566406,-0.12284088134765625,0.7309725414921096
799,130,ASN,0.029210947453975677,0.12675043661147356,0.018934667110443115,0.13144380643811787,-0.94474184164813,-0.1241804637675878,residue,0.07966232299804688,-0.7161598205566406,-0.12284088134765625,0.7309725414921096
799,458,ASN,-0.0787687748670578,-0.0670032832204015,0.19691507518291473,0.22241741543922217,0.10776740080632562,0.02396934675594569,residue,0.07966232299804688,-0.7161598205566406,-0.12284088134765625,0.7309725414921096
799,786,ASN,0.08272799476981163,-0.09233251214027405,0.03761327266693115,0.1295529706239295,0.719059487490776,0.09315629265975031,residue,0.07966232299804688,-0.7161598205566406,-0.12284088134765625,0.7309725414921096
799,1114,ASN,-0.005766149610280991,0.05648909509181976,0.07911095768213272,0.09737972053258827,-0.7113131787337442,-0.06926747855623902,residue,0.07966232299804688,-0.7161598205566406,-0.12284088134765625,0.7309725414921096
799,1313,PIP,0.6704545356333256,0.49111549905501306,-0.9085519039072096,1.2313286644339798,-0.2074287951153926,-0.25541302125458604,pip,0.07966232299804688,-0.7161598205566406,-0.12284088134765625,0.7309725414921096
799,1314,PIP,0.5916482075117528,-0.5126286912709475,-0.8315247570862994,1.1420460578336864,0.6185897345899822,0.7064579678048756,pip,0.07966232299804688,-0.7161598205566406,-0.12284088134765625,0.7309725414921096
799,1315,PIP,-0.3985541295260191,-0.5156925027258694,-0.9504118629265577,1.152417832524924,0.5393228823051032,0.6215253070571416,pip,0.07966232299804688,-0.7161598205566406,-0.12284088134765625,0.7309725414921096
799,1316,PIP,-0.3963436575140804,0.5619088276289403,-0.8493152931332588,1.0927791600177057,-0.4126978288589315,-0.45098758676159406,pip,0.07966232299804688,-0.7161598205566406,-0.12284088134765625,0.7309725414921096
799,ionic_up,,0.7163136601448059,-0.3556576371192932,-12.119851112365723,12.146208815941868,0.20280170751991333,2.4632718877664357,ionic_up,0.07966232299804688,-0.7161598205566406,-0.12284088134765625,0.7309725414921096
799,ionic_down,,-0.45031845569610596,0.5921730995178223,14.553630828857422,14.572632774965621,-0.21101237407581272,-3.0750058383804943,ionic_down,0.07966232299804688,-0.7161598205566406,-0.12284088134765625,0.7309725414921096
800,98,GLU,-1.7952792793512344,0.05831593702896498,-1.654527767561376,2.442107813551868,0.20785019740952737,0.5075925911421051,residue,-0.24416732788085938,0.7545318603515625,0.04779052734375,0.7944935158916419
800,426,GLU,1.7195558603852987,0.5792189920321107,-1.3060136260464787,2.2356293496765494,-0.0254675338227928,-0.05693596607811579,residue,-0.24416732788085938,0.7545318603515625,0.04779052734375,0.7944935158916419
800,754,GLU,-0.4352176976390183,1.8450955413281918,-1.4738358613103628,2.4012463736676084,0.748523366035911,1.7973890182992032,residue,-0.24416732788085938,0.7545318603515625,0.04779052734375,0.7944935158916419
800,1082,GLU,0.7723757857456803,-1.7252707164734602,-1.5011393669992685,2.413823274119725,-0.8145415715464097,-1.9661594031367808,residue,-0.24416732788085938,0.7545318603515625,0.04779052734375,0.7944935158916419
800,130,ASN,0.02315351366996765,0.126825122628361,0.03412832319736481,0.13336206120643146,0.8651882526200971,0.11538328870100688,residue,-0.24416732788085938,0.7545318603515625,0.04779052734375,0.7944935158916419
800,458,ASN,-0.18377046287059784,-0.09866608213633299,0.36420443654060364,0.4197040032971642,-0.03649830733080995,-0.01531848570031117,residue,-0.24416732788085938,0.7545318603515625,0.04779052734375,0.7944935158916419
800,786,ASN,0.06721473974175751,-0.08532601594924927,0.1679021120071411,0.1999736718990335,-0.458016897481361,-0.09159132078115095,residue,-0.24416732788085938,0.7545318603515625,0.04779052734375,0.7944935158916419
800,1114,ASN,0.04352426528930664,-0.02170442044734955,-0.05691772699356079,0.07486702332831717,-0.4997196800299581,-0.03741252494242207,residue,-0.24416732788085938,0.7545318603515625,0.04779052734375,0.7944935158916419
800,1313,PIP,0.6316557209938765,0.5251213952433318,-0.8632894742768258,1.1916417859423005,0.21202399784082435,0.25265665544966637,pip,-0.24416732788085938,0.7545318603515625,0.04779052734375,0.7944935158916419
800,1314,PIP,0.5866194320842624,-0.5288214799948037,-0.8667754073394462,1.1726355455004849,-0.626489314920041,-0.7346436395514874,pip,-0.24416732788085938,0.7545318603515625,0.04779052734375,0.7944935158916419
800,1315,PIP,-0.4324401798658073,-0.5070933485403657,-0.9893847857601941,1.1929083902756312,-0.34219025487046967,-0.40820162610553995,pip,-0.24416732788085938,0.7545318603515625,0.04779052734375,0.7944935158916419
800,1316,PIP,-0.39020268782041967,0.5756514281965792,-0.8387387935072184,1.0895482862640762,0.5655224566694717,0.6161640235080731,pip,-0.24416732788085938,0.7545318603515625,0.04779052734375,0.7944935158916419
800,ionic_up,,0.323917031288147,-1.2075161933898926,-12.977773666381836,13.037853616922195,-0.15546802846843197,-2.0269693972829086,ionic_up,-0.24416732788085938,0.7545318603515625,0.04779052734375,0.7944935158916419
800,ionic_down,,-2.376801371574402,0.7568522840738297,22.175162076950073,22.3150134053025,0.12471952431288394,2.783117856944956,ionic_down,-0.24416732788085938,0.7545318603515625,0.04779052734375,0.7944935158916419
801,98,GLU,-1.8052658587694168,-0.13861893373541534,-1.833138121291995,2.576547185937484,-0.5019263470742757,-1.293236917102106,residue,0.060108184814453125,-0.1949005126953125,0.1239013671875,0.2386435679449916
801,426,GLU,1.8834342826157808,0.38422976713627577,-1.3748504174873233,2.3632966130706246,-0.2340886435448009,-0.5532208984477247,residue,0.060108184814453125,-0.1949005126953125,0.1239013671875,0.2386435679449916
801,754,GLU,-0.4966197496978566,1.7051862329244614,-1.4484362108632922,2.291780687955348,-0.99037716102889,-2.269727251438054,residue,0.060108184814453125,-0.1949005126953125,0.1239013671875,0.2386435679449916
801,1082,GLU,0.7132803555577993,-1.6959909610450268,-1.5013643391430378,2.3747103158957104,0.33068521534783535,0.785281592200699,residue,0.060108184814453125,-0.1949005126953125,0.1239013671875,0.2386435679449916
801,130,ASN,0.009735949337482452,0.12544710375368595,-0.0259859561920166,0.12847970450193089,-0.8833475131472747,-0.11349222746167736,residue,0.060108184814453125,-0.1949005126953125,0.1239013671875,0.2386435679449916
801,458,ASN,-0.02123698592185974,-0.06276382692158222,0.14193369448184967,0.15663805786000617,0.7635488604738003,0.11960081058583692,residue,0.060108184814453125,-0.1949005126953125,0.1239013671875,0.2386435679449916
801,786,ASN,0.06714221742004156,-0.06298336386680603,0.18601751327514648,0.20755119062324823,0.7946398074836011,0.16492843815985017,residue,0.060108184814453125,-0.1949005126953125,0.1239013671875,0.2386435679449916
801,1114,ASN,-0.1427762657403946,0.22114871442317963,0.5809499621391296,0.6378045738776518,0.13334699904727848,0.0850493259052131,residue,0.060108184814453125,-0.1949005126953125,0.1239013671875,0.2386435679449916
801,1313,PIP,0.6833445075899363,0.4957605880917981,-0.906691100273747,1.238881361581518,-0.5678642147140235,-0.7035163915183289,pip,0.060108184814453125,-0.1949005126953125,0.1239013671875,0.2386435679449916
801,1314,PIP,0.5760478479787707,-0.5372381475754082,-0.8558637351961806,1.1631675217247028,0.11993011191005468,0.13949881105058456,pip,0.060108184814453125,-0.1949005126953125,0.1239013671875,0.2386435679449916
801,1315,PIP,-0.3926262673921883,-0.49856035271659493,-0.913509170524776,1.112302483940444,-0.14924219013895074,-0.16600245880026696,pip,0.060108184814453125,-0.1949005126953125,0.1239013671875,0.2386435679449916
801,1316,PIP,-0.4053292665630579,0.5745233464986086,-0.8575471434742212,1.108943638461984,-0.9166705225739618,-1.0165359445740174,pip,0.060108184814453125,-0.1949005126953125,0.1239013671875,0.2386435679449916
801,ionic_up,,-1.0722588300704956,-0.37100207805633545,-12.393558502197266,12.445387655190673,-0.5143824423277626,-6.4016888977927655,ionic_up,0.060108184814453125,-0.1949005126953125,0.1239013671875,0.2386435679449916
801,ionic_down,,-3.1175318360328674,0.9029163271188736,24.867233991622925,25.07814963342756,0.4541077241239401,11.388181455275413,ionic_down,0.060108184814453125,-0.1949005126953125,0.1239013671875,0.2386435679449916
802,98,GLU,-1.7634355202317238,-0.016826358390972018,-1.7442219201475382,2.480382645293826,0.5468687447762492,1.3564437437966272,residue,0.4597587585449219,0.061595916748046875,-2.25836181640625,2.30550867853941
802,426,GLU,1.9865542650222778,0.5135192535817623,-1.3743356857448816,2.469594794452974,0.71109004578204,1.756104275450653,residue,0.4597587585449219,0.061595916748046875,-2.25836181640625,2.30550867853941
802,754,GLU,-0.28303062728082296,1.784952737390995,-1.7121475096791983,2.489500292347696,0.6701673150821086,1.6683817268187797,residue,0.4597587585449219,0.061595916748046875,-2.25836181640625,2.30550867853941
802,1082,GLU,0.7403551694005728,-1.6789885759353638,-1.2566733723506331,2.2240405526326907,0.5997000934093317,1.3337573271599663,residue,0.4597587585449219,0.061595916748046875,-2.25836181640625,2.30550867853941
802,130,ASN,0.04085464030504227,0.13472516182810068,0.005540207028388977,0.14089238715409613,0.044854441988499215,0.006319649406224577,residue,0.4597587585449219,0.061595916748046875,-2.25836181640625,2.30550867853941
802,458,ASN,0.08552670478820801,-0.011037023738026619,-0.05108165740966797,0.10022958070670421,0.6664469818235472,0.06679770155142266,residue,0.4597587585449219,0.061595916748046875,-2.25836181640625,2.30550867853941
802,786,ASN,0.11871412862092257,0.017019592225551605,-0.016367539763450623,0.1210396927113463,0.3318020054717831,0.040161212783313076,residue,0.4597587585449219,0.061595916748046875,-2.25836181640625,2.30550867853941
802,1313,PIP,0.6438681352883577,0.4986871066503227,-0.8715974704828113,1.1928692956611016,0.8345386365650852,0.9954955156013692,pip,0.4597587585449219,0.061595916748046875,-2.25836181640625,2.30550867853941
802,1314,PIP,0.5704522146843374,-0.5199745432473719,-0.8190803497636807,1.1254696238604451,0.8016178218038358,0.9021965083853924,pip,0.4597587585449219,0.061595916748046875,-2.25836181640625,2.30550867853941
802,1315,PIP,-0.3866714173927903,-0.5059917382895947,-0.9300293708220124,1.1271632778073741,0.7278298169360413,0.8203830421435694,pip,0.4597587585449219,0.061595916748046875,-2.25836181640625,2.30550867853941
802,1316,PIP,-0.42019870178774,0.5529751796275377,-0.8637315351516008,1.1083233567346449,0.7011016209492682,0.7770473019425935,pip,0.4597587585449219,0.061595916748046875,-2.25836181640625,2.30550867853941
802,ionic_up,,0.6285334229469299,-0.6382089853286743,-14.720686912536621,14.747914705125014,0.9850845920032362,14.5279435401966,ionic_up,0.4597587585449219,0.061595916748046875,-2.25836181640625,2.30550867853941
802,ionic_down,,-2.6650590300559998,-0.21053490042686462,18.375667095184326,18.56911429689151,-0.99826921855815,-18.536975218474858,ionic_down,0.4597587585449219,0.061595916748046875,-2.25836181640625,2.30550867853941
803,98,GLU,-2.617079935967922,-0.14165508979931474,-1.7404431281611323,3.1461589022290695,-0.13788043636960268,-0.4337937623274542,residue,0.41345977783203125,0.5390853881835938,-0.46096038818359375,0.8210033636425237
803,426,GLU,2.7785808704793453,0.5814245035871863,-1.3173842909745872,3.1295474876205307,0.8054626822687415,2.520733713666234,residue,0.41345977783203125,0.5390853881835938,-0.46096038818359375,0.8210033636425237
803,754,GLU,-0.5376566662962432,2.3925979398190975,-1.2105356466490775,2.73477533707021,0.7239804501708389,1.9799238796481982,residue,0.41345977783203125,0.5390853881835938,-0.46096038818359375,0.8210033636425237
803,1082,GLU,0.7004594285972416,-2.370925437659025,-1.4030930157750845,2.842639768413549,-0.1464335835162758,-0.4162579279346723,residue,0.41345977783203125,0.5390853881835938,-0.46096038818359375,0.8210033636425237
803,130,ASN,0.4491335079073906,0.2623874684795737,0.9391767382621765,1.0736018988587428,-0.1200041871979102,-0.12883672324667642,residue,0.41345977783203125,0.5390853881835938,-0.46096038818359375,0.8210033636425237
803,458,ASN,0.10432446002960205,-0.11062465724535286,-0.005584686994552612,0.15215977287031865,-0.11149085703778631,-0.016964423483986732,residue,0.41345977783203125,0.5390853881835938,-0.46096038818359375,0.8210033636425237
803,786,ASN,0.18978091119788587,-0.046987734735012054,0.005035325884819031,0.19557606187208604,0.3164708723664592,0.06189412691465567,residue,0.41345977783203125,0.5390853881835938,-0.46096038818359375,0.8210033636425237
803,1114,ASN,0.04206531494855881,0.07071004062891006,0.013267666101455688,0.08333925564368375,0.7219218189360599,0.060164427023065466,residue,0.41345977783203125,0.5390853881835938,-0.46096038818359375,0.8210033636425237
803,1313,PIP,0.7225647903978825,0.5799071706132963,-0.9409145402023569,1.3204970181017703,0.9639922221803221,1.2729488548624146,pip,0.41345977783203125,0.5390853881835938,-0.46096038818359375,0.8210033636425237
803,1314,PIP,0.6071035135537386,-0.5960649973712862,-0.8512770374218235,1.2035533854807616,0.325959901487287,0.3923101429659998,pip,0.41345977783203125,0.5390853881835938,-0.46096038818359375,0.8210033636425237
803,1315,PIP,-0.443774345330894,-0.558436889667064,-0.9845588741372922,1.215789293404651,-0.030741715367940955,-0.03737544840523584,pip,0.41345977783203125,0.5390853881835938,-0.46096038818359375,0.8210033636425237
803,1316,PIP,-0.49288003565743566,0.6454633884131908,-0.9030404640361667,1.2145105166354748,0.5620599897778689,0.6826277685652492,pip,0.41345977783203125,0.5390853881835938,-0.46096038818359375,0.8210033636425237
803,ionic_up,,-0.21657699346542358,0.23917992413043976,-9.615213394165039,9.62062582400627,0.566131236183241,5.4465367906010815,ionic_up,0.41345977783203125,0.5390853881835938,-0.46096038818359375,0.8210033636425237
803,ionic_down,,-3.71089243888855,-1.6114866733551025,30.12992215156555,30.400325999087606,-0.6527458828177977,-19.843687632223286,ionic_down,0.41345977783203125,0.5390853881835938,-0.46096038818359375,0.8210033636425237
804,98,GLU,-2.94436208717525,-0.3593932157382369,-1.6481200996786356,3.393336329761372,-0.054338747080845344,-0.18438964458314722,residue,2.0632095336914062,-0.8093185424804688,-3.084503173828125,3.7981561200763716
804,426,GLU,3.3771842680871487,0.9336742744781077,-1.229051637725206,3.713177771078643,0.7092852736903147,2.633702311620308,residue,2.0632095336914062,-0.8093185424804688,-3.084503173828125,3.7981561200763716
804,754,GLU,-0.8489296555053443,2.8188520409166813,-1.3601956891361624,3.2429524667070226,0.01320579443623137,0.0428257636418024,residue,2.0632095336914062,-0.8093185424804688,-3.084503173828125,3.7981561200763716
804,1082,GLU,0.7656073146499693,-2.641586020588875,-1.3437209553085268,3.0609993907466504,0.6762515532801738,2.070005592582088,residue,2.0632095336914062,-0.8093185424804688,-3.084503173828125,3.7981561200763716
804,130,ASN,-0.10506485402584076,0.27185680414550006,-0.17291505634784698,0.3388869460800388,0.07502452287668578,0.02542483143879205,residue,2.0632095336914062,-0.8093185424804688,-3.084503173828125,3.7981561200763716
804,458,ASN,-0.5707629919052124,-0.09184451214969158,0.9132298678159714,1.0808305134533263,-0.9549273871149724,-1.032114658126119,residue,2.0632095336914062,-0.8093185424804688,-3.084503173828125,3.7981561200763716
804,786,ASN,0.09055242501199245,-0.46833303570747375,0.8702857345342636,0.9924378236163579,-0.562031326160393,-0.5577811461388358,residue,2.0632095336914062,-0.8093185424804688,-3.084503173828125,3.7981561200763716
804,1114,ASN,-0.07918554544448853,-0.11028528213500977,0.021223008632659912,0.13741764864223888,-0.26743414053620235,-0.03675017075914299,residue,2.0632095336914062,-0.8093185424804688,-3.084503173828125,3.7981561200763716
804,1313,PIP,0.7777516366913915,0.6170129305974115,-1.0226119683538855,1.4252500842733364,0.7868651057751567,1.12147955831779,pip,2.0632095336914062,-0.8093185424804688,-3.084503173828125,3.7981561200763716
804,1314,PIP,0.6624968559481204,-0.6536879353225231,-0.8933011556509882,1.2900375791482817,0.9492909711799213,1.2246210263682669,pip,2.0632095336914062,-0.8093185424804688,-3.084503173828125,3.7981561200763716
804,1315,PIP,-0.460444257594645,-0.5838343692012131,-0.9477372018736787,1.2046066946633713,0.5345708050124974,0.6439475704896421,pip,2.0632095336914062,-0.8093185424804688,-3.084503173828125,3.7981561200763716
804,1316,PIP,-0.5236244057305157,0.6469736145809293,-0.9007368497550488,1.2264111254987855,0.25211370100278563,0.3091950478004906,pip,2.0632095336914062,-0.8093185424804688,-3.084503173828125,3.7981561200763716
804,ionic_up,,1.037233591079712,0.16874420642852783,-8.856207847595215,8.918337601227842,0.8655937517480712,7.719657303602701,ionic_up,2.0632095336914062,-0.8093185424804688,-3.084503173828125,3.7981561200763716
804,ionic_down,,-0.41245055198669434,-0.8402804136276245,9.104700565338135,9.152691353685476,-0.8127638627786266,-7.438976779441944,ionic_down,2.0632095336914062,-0.8093185424804688,-3.084503173828125,3.7981561200763716
805,98,GLU,-2.3835069723427296,0.009790934331249446,-0.47211263785720803,2.4298336758770085,-0.7579912213478581,-1.8417925956501693,residue,0.5077018737792969,-0.24683380126953125,-0.2136077880859375,0.6035862864737256
805,426,GLU,5.945499546825886,3.176886150613427,-0.8689464768394828,6.796810903275003,0.5898877789322262,4.00935568755523,residue,0.5077018737792969,-0.24683380126953125,-0.2136077880859375,0.6035862864737256
805,754,GLU,-1.4407116025686264,3.03694961220026,-0.6727331035071984,3.4280143957360503,-0.6463540499028005,-2.2157109878090977,residue,0.5077018737792969,-0.24683380126953125,-0.2136077880859375,0.6035862864737256
805,1082,GLU,0.11068033683113754,-4.612923555076122,-0.8595403725921642,4.693625838736303,0.48655792561483024,2.2837208517077032,residue,0.5077018737792969,-0.24683380126953125,-0.2136077880859375,0.6035862864737256
805,130,ASN,-0.26098233461380005,0.2732280039344914,-0.25927869975566864,0.4582474934590326,-0.522644285976236,-0.23950043401929597,residue,0.5077018737792969,-0.24683380126953125,-0.2136077880859375,0.6035862864737256
805,458,ASN,0.47800254821777344,-0.5465526366606355,0.3150732219219208,0.7915032254612974,0.6494914395918853,0.5140745693464785,residue,0.5077018737792969,-0.24683380126953125,-0.2136077880859375,0.6035862864737256
805,786,ASN,0.370131085626781,-0.1133088618516922,-0.09024712443351746,0.3974675611794051,0.9802265119766118,0.3896082411187389,residue,0.5077018737792969,-0.24683380126953125,-0.2136077880859375,0.6035862864737256
805,1114,ASN,0.07248651859117672,0.18063560128211975,-0.02645730972290039,0.196426844055988,-0.017998764339112266,-0.0035354404760392835,residue,0.5077018737792969,-0.24683380126953125,-0.2136077880859375,0.6035862864737256
805,1313,PIP,0.9373498326167464,0.8382314587943256,-1.1661719075636938,1.714996677900529,0.5005019306298247,0.8583591483129505,pip,0.5077018737792969,-0.24683380126953125,-0.2136077880859375,0.6035862864737256
805,1314,PIP,0.7794167725369334,-0.822530310600996,-1.034483070645365,1.5343408489058499,0.8851171575077577,1.3580714108315857,pip,0.5077018737792969,-0.24683380126953125,-0.2136077880859375,0.6035862864737256
805,1315,PIP,-0.6028186306357384,-0.6837074221111834,-1.0277971903778962,1.3737587870656784,0.09920070812309473,0.136277844467239,pip,0.5077018737792969,-0.24683380126953125,-0.2136077880859375,0.6035862864737256
805,1316,PIP,-0.6202123081311584,0.6828896328806877,-0.8448344979260582,1.250898431823813,-0.4012846073216217,-0.5019662860136511,pip,0.5077018737792969,-0.24683380126953125,-0.2136077880859375,0.6035862864737256
805,ionic_up,,10.70324194431305,-3.2443083822727203,-15.213855981826782,18.88243466382325,0.8321935983716412,15.713841248904481,ionic_up,0.5077018737792969,-0.24683380126953125,-0.2136077880859375,0.6035862864737256
805,ionic_down,,-6.770431160926819,-2.756278023123741,8.162992656230927,10.95765740253289,-0.6804914545397163,-7.456592224197496,ionic_down,0.5077018737792969,-0.24683380126953125,-0.2136077880859375,0.6035862864737256
806,98,GLU,-2.4249947890639305,0.11909685167483985,-0.3148116023512557,2.4482422535445796,0.09365199143373656,0.22928276255666888,residue,0.74676513671875,0.5153694152832031,-20.509132385253906,20.52919323791119
806,426,GLU,6.833740513771772,2.6955644227564335,-1.2374020130373538,7.4496470190650514,0.20839181120057743,1.5524454351079486,residue,0.74676513671875,0.5153694152832031,-20.509132385253906,20.52919323791119
806,754,GLU,-1.584578463807702,2.9410683289170265,-0.6083950502652442,3.39572030068868,0.18375880651688115,0.6239935097196966,residue,0.74676513671875,0.5153694152832031,-20.509132385253906,20.52919323791119
806,1082,GLU,0.1451296341838315,-4.5100775100290775,-0.3345810662722215,4.524799028365378,0.05001577602961524,0.22631133478174342,residue,0.74676513671875,0.5153694152832031,-20.509132385253906,20.52919323791119
806,130,ASN,-0.12749210000038147,0.3056037677451968,-0.22287526726722717,0.39915070234437194,0.5654300420009287,0.22569179839127843,residue,0.74676513671875,0.5153694152832031,-20.509132385253906,20.52919323791119
806,458,ASN,0.5278362035751343,-0.860798442743544,-0.008421927690505981,1.0097801472104435,0.005946313672126066,0.0060044694951989315,residue,0.74676513671875,0.5153694152832031,-20.509132385253906,20.52919323791119
806,786,ASN,0.31476347148418427,0.11108948290348053,-0.15575182437896729,0.36834161723855513,0.46108882439816906,0.16983820326944574,residue,0.74676513671875,0.5153694152832031,-20.509132385253906,20.52919323791119
806,1114,ASN,-0.2765120528638363,-0.5309383720159531,-0.2237023413181305,0.6390596277102293,0.3131110171256753,0.20009661003630527,residue,0.74676513671875,0.5153694152832031,-20.509132385253906,20.52919323791119
806,1313,PIP,0.8899654364213347,0.8882923256605864,-1.1709889081394067,1.7182307053587507,0.7126619794241801,1.2245176955883723,pip,0.74676513671875,0.5153694152832031,-20.509132385253906,20.52919323791119
806,1314,PIP,0.8378872703760862,-0.8355344561859965,-1.093082306731958,1.6109009387987754,0.6837897255459917,1.101517510822995,pip,0.74676513671875,0.5153694152832031,-20.509132385253906,20.52919323791119
806,1315,PIP,-0.6612610640004277,-0.672870849724859,-1.0080768847474246,1.3806666435945005,0.6997677775077779,0.9661460286672469,pip,0.74676513671875,0.5153694152832031,-20.509132385253906,20.52919323791119
806,1316,PIP,-0.607098888605833,0.6676603984087706,-0.8400804470293224,1.2329130649120326,0.676395572921031,0.8339369389029986,pip,0.74676513671875,0.5153694152832031,-20.509132385253906,20.52919323791119
806,ionic_up,,3.5943793058395386,-0.3486950993537903,-8.641330242156982,9.365561340388398,0.9347950768347691,8.754880632789115,ionic_up,0.74676513671875,0.5153694152832031,-20.509132385253906,20.52919323791119
806,ionic_down,,2.940177798271179,4.087760925292969,13.375352263450623,14.291762768783718,-0.9203001046555338,-13.152710771823717,ionic_down,0.74676513671875,0.5153694152832031,-20.509132385253906,20.52919323791119
