frame,ion_id,residues
5178,1307,130
5178,1306,748
5178,1308,1073_1105
5178,1309,SF
5178,1320,98
5552,1306,1105_130_780
5552,1309,98
5552,1469,1105_780
5552,2434,423_455
5552,2443,SF
5552,2444,SF
3171,1305,1105_130
3171,1306,780
3171,1307,455_780
3171,1313,SF
3171,2433,SF
3631,2433,130
3631,1306,748_780
3631,1307,98
3631,1313,748_780
3631,1460,SF
3666,1313,455_780
3666,1306,no_close_residues
3666,1307,130_98
3666,1316,SF
3666,1387,SF
3666,1460,SF
5131,1460,130
5131,1306,748_780
5131,1307,423_455
5131,1308,1073_1105
5131,1320,SF
4415,1387,130
4415,1306,SF
4415,1307,130_98
4415,1316,SF
4415,1460,1073_1105
4994,1316,1105_130
4994,1306,423
4994,1307,SF
4994,1308,1073
4994,1320,SF
4994,1460,SF
5269,1308,1105_130_780
5269,1306,748
5269,1309,423_455
5269,1320,1105_780
5269,1403,SF
5399,1320,1105_130_780
5399,1306,748_780
5399,1309,no_close_residues
5399,1469,1073_1105
5399,2436,SF
5677,1309,1105_130_780
5677,1380,SF
5677,1469,748_780
5677,1476,SF
5677,2434,423
5677,2443,1073_1105
5331,1403,1105_130
5331,1306,748_780
5331,1309,423
5331,1320,1073_1105
5331,1469,SF
5886,1469,130_455
5886,1355,SF
5886,1380,1073_1105
5886,1476,SF
5886,2434,423_455
5886,2443,748_780
5433,2436,1105_130_780
5433,1306,748_780
5433,1309,423
5433,1320,SF
5433,1469,1073
5433,2434,SF
6016,2434,130
6016,1355,455
6016,1380,1073_1105
6016,1443,SF
6016,1476,98
6016,2443,748_780
5582,2444,130
5582,1306,SF
5582,1309,1073
5582,1469,748_780
5582,2434,no_close_residues
5582,2443,SF
6202,2443,no_close_residues
6202,1327,SF
6202,1355,423
6202,1380,1073_1105
6202,1443,SF
6202,1476,748_780
6426,1380,130
6426,1327,SF
6426,1355,130_98
6426,1476,423_455
6488,1476,130
6488,1327,1073_1105
6488,1330,SF
6488,1341,748_780
6488,1355,130_98
6561,1355,130
6561,1327,1073_1105
6561,1330,423_455
6561,1341,748_780
6561,1465,SF
6359,1443,130_780
6359,1327,SF
6359,1355,130_98
6359,1380,1073_1105
6359,1476,780
6727,1341,130
6727,1327,130_98
6727,1330,130_98
6727,1359,455
6727,1374,780
6727,1400,SF
6670,1465,no_close_residues
6670,1327,1073_1105
6670,1330,423
6670,1341,130_98
6670,1359,SF
6748,1374,no_close_residues
6748,1327,98
6748,1330,130_98
6748,1359,130_455
6748,1400,SF
