Simulation,Metric,Residue,PDB_Label,Gaussian_Mean,Gaussian_StdDev,Z-score,Outlier
G2_RUN1,z_offset_from_sf,98,E152.A,2.865145078870147,0.0948061675293393,0.44806922594376886,No
G2_RUN1,z_offset_from_sf,426,E152.B,1.4201512144993205,0.1740157997424175,-1.2100886753868159,No
G2_RUN1,z_offset_from_sf,754,E152.C,3.4292463242870093,0.0999438710497482,1.0953861179401707,No
G2_RUN1,z_offset_from_sf,1082,E152.D,2.3255763673490217,0.2148843009764985,-0.17109611750845338,No
G2_RUN2,z_offset_from_sf,98,E152.A,3.3887360500994577,0.1374778367100889,1.0488998089769108,No
G2_RUN2,z_offset_from_sf,426,E152.B,3.006530234428636,0.1141551221673521,0.6103113770010963,No
G2_RUN2,z_offset_from_sf,754,E152.C,2.3760602433025704,0.1832696350076902,-0.11316491110944311,No
G2_RUN2,z_offset_from_sf,1082,E152.D,2.815824508611524,0.2214253132793012,0.3914729349220942,No
G2_RUN3,z_offset_from_sf,98,E152.A,2.4604793703104426,0.1020367293269021,-0.01629235965921038,No
G2_RUN3,z_offset_from_sf,426,E152.B,2.0088862181193217,0.22377602849247,-0.5345040780311341,No
G2_RUN3,z_offset_from_sf,754,E152.C,0.8920325220718324,0.1774376422610236,-1.816114904481091,No
G2_RUN3,z_offset_from_sf,1082,E152.D,1.0937171790139348,0.1371700641393584,-1.5846779304346235,No
G2_RUN4,z_offset_from_sf,98,E152.A,1.437593027205871,0.2288422278340203,-1.1900738640675388,No
G2_RUN4,z_offset_from_sf,426,E152.B,1.742196490068647,0.1898702586664737,-0.8405356056898885,No
G2_RUN4,z_offset_from_sf,754,E152.C,3.727273083855785,0.1121696307913974,1.4373774843893892,No
G2_RUN4,z_offset_from_sf,1082,E152.D,1.853572926994571,0.1962388221037072,-0.7127290291608034,No
G2_RUN5,z_offset_from_sf,98,E152.A,1.8829851789291028,0.1902163874239763,-0.6789779114960894,No
G2_RUN5,z_offset_from_sf,426,E152.B,2.644774382736578,0.1824662036277213,0.19518966705740373,No
G2_RUN5,z_offset_from_sf,754,E152.C,2.606544740228176,0.2024751646886589,0.151320426257581,No
G2_RUN5,z_offset_from_sf,1082,E152.D,3.2650071361777258,0.1637399060953689,0.9069185305085053,No
G2_RUN6,z_offset_from_sf,98,E152.A,2.5728465449724323,0.1591256322002864,0.11265110723716971,No
G2_RUN6,z_offset_from_sf,426,E152.B,2.06034950990801,0.2131568757996356,-0.4754489733611562,No
G2_RUN6,z_offset_from_sf,754,E152.C,3.2160081483466687,0.1072898217644508,0.8506912614296536,No
G2_RUN6,z_offset_from_sf,1082,E152.D,2.254942121860935,0.1789553812019819,-0.2521502556252214,No
G2_RUN7,z_offset_from_sf,98,E152.A,3.186670975897449,0.2823159220294494,0.8170262989001741,No
G2_RUN7,z_offset_from_sf,426,E152.B,2.5641232620330183,0.135816204817859,0.10264097439980323,No
G2_RUN7,z_offset_from_sf,754,E152.C,3.8059616732744574,0.2103212918345927,1.5276741351270327,No
G2_RUN7,z_offset_from_sf,1082,E152.D,2.7616072384479224,0.2122672097825521,0.3292575877659349,No
G2_RUN8,z_offset_from_sf,98,E152.A,2.239668548904368,0.1811369598898284,-0.26967697065422097,No
G2_RUN8,z_offset_from_sf,426,E152.B,2.853271178049132,0.1075202442941512,0.43444369925369253,No
G2_RUN8,z_offset_from_sf,754,E152.C,2.704828134583217,0.1239163786496344,0.2641024877858218,No
G2_RUN8,z_offset_from_sf,1082,E152.D,2.712824572072697,0.125550834138861,0.2732785516658237,No
G12_RUN2,z_offset_from_sf,99,E141.D,0.7770201483579465,0.1791696168340587,-1.9480937875246553,No
G12_RUN2,z_offset_from_sf,424,E152.C,2.470247383308577,0.1875498971540233,-0.005083379238931077,No
G12_RUN2,z_offset_from_sf,749,E152.B,3.7636148618239735,0.1097601317003794,1.4790803647767687,No
G12_RUN2,z_offset_from_sf,1074,E152.A,3.992165454811119,0.1052849616564993,1.741346510647524,No
G2_FD_RUN2,z_offset_from_sf,98,E152.A,2.813480448003349,0.1633894058785737,0.38878308085801755,No
G2_FD_RUN2,z_offset_from_sf,426,E152.B,-0.007754172461531,0.144229510455516,-2.848637224361156,Moderate
G2_FD_RUN2,z_offset_from_sf,754,E152.C,2.9351073366788247,0.1847299193499941,0.5283522454366568,No
G2_FD_RUN2,z_offset_from_sf,1082,E152.D,2.06777515857874,0.196100427777454,-0.46692790049055466,No
