Simulation,Metric,Residue,PDB_Label,Gaussian_Mean,Gaussian_StdDev
G2_RUN1,com_to_sf_com_distance,98,E152.A,9.98829392599108,0.045282531025519226
G2_RUN1,com_to_sf_com_distance,426,E152.B,10.447935497494916,0.06697879335182673
G2_RUN1,com_to_sf_com_distance,754,E152.C,10.08837532006734,0.04234320581571435
G2_RUN1,com_to_sf_com_distance,1082,E152.D,10.297598734158674,0.07396485661826092
G2_RUN2,com_to_sf_com_distance,98,E152.A,10.00649745509377,0.03813194867472304
G2_RUN2,com_to_sf_com_distance,426,E152.B,10.422789505045927,0.06427768314765647
G2_RUN2,com_to_sf_com_distance,754,E152.C,10.25769742485687,0.06533002991363908
G2_RUN2,com_to_sf_com_distance,1082,E152.D,10.149171884307762,0.0572806232705382
G2_RUN1,com_to_sf_com_distance,98,E152.A,9.988655447871425,0.04621185436115346
G2_RUN1,com_to_sf_com_distance,426,E152.B,10.44791208622827,0.06548372090134398
G2_RUN1,com_to_sf_com_distance,754,E152.C,10.088176284914816,0.04262678221976854
G2_RUN1,com_to_sf_com_distance,1082,E152.D,10.29556702319479,0.07375031128845545
G2_RUN2,com_to_sf_com_distance,98,E152.A,10.007157952467812,0.03804758543930264
G2_RUN2,com_to_sf_com_distance,426,E152.B,10.424791987938393,0.06492828862260891
G2_RUN2,com_to_sf_com_distance,754,E152.C,10.256278310538889,0.06484966014953746
G2_RUN2,com_to_sf_com_distance,1082,E152.D,10.147623607272488,0.058885664289168214
G2_RUN3,com_to_sf_com_distance,98,E152.A,10.272150069593815,0.05501041634720769
G2_RUN3,com_to_sf_com_distance,426,E152.B,10.463036930190391,0.07282957027742741
G2_RUN3,com_to_sf_com_distance,754,E152.C,10.70591804225617,0.04892200971582199
G2_RUN3,com_to_sf_com_distance,1082,E152.D,10.464518522843596,0.05321696576232361
G2_RUN4,com_to_sf_com_distance,98,E152.A,10.37554520938918,0.06554406800842638
G2_RUN4,com_to_sf_com_distance,426,E152.B,10.293768179498487,0.06946888510273667
G2_RUN4,com_to_sf_com_distance,754,E152.C,10.19784242005957,0.05678441622357326
G2_RUN4,com_to_sf_com_distance,1082,E152.D,10.70465809997948,0.058687387348842504
G2_RUN5,com_to_sf_com_distance,98,E152.A,10.522058823809877,0.061590774639912714
G2_RUN5,com_to_sf_com_distance,426,E152.B,10.351799476512234,0.04952378797372874
G2_RUN5,com_to_sf_com_distance,754,E152.C,10.43913372128439,0.07524622167455776
G2_RUN5,com_to_sf_com_distance,1082,E152.D,10.16156132147673,0.05917350124926634
G2_RUN6,com_to_sf_com_distance,98,E152.A,10.341266083449487,0.07372626331426659
G2_RUN6,com_to_sf_com_distance,426,E152.B,10.226615114708371,0.06959531923815734
G2_RUN6,com_to_sf_com_distance,754,E152.C,10.121854631575147,0.060739022844171126
G2_RUN6,com_to_sf_com_distance,1082,E152.D,10.34775590477891,0.06986515194697941
G2_RUN7,com_to_sf_com_distance,98,E152.A,10.318701215386504,0.07381875851157288
G2_RUN7,com_to_sf_com_distance,426,E152.B,10.21683840755059,0.08497886226828928
G2_RUN7,com_to_sf_com_distance,754,E152.C,10.2340400858796,0.0695005332683518
G2_RUN7,com_to_sf_com_distance,1082,E152.D,10.117041523105119,0.0834243982621623
G2_RUN8,com_to_sf_com_distance,98,E152.A,10.329306689831581,0.05749097300626257
G2_RUN8,com_to_sf_com_distance,426,E152.B,10.273521510943423,0.050428058384069004
G2_RUN8,com_to_sf_com_distance,754,E152.C,10.109729294692247,0.05599927511611786
G2_RUN8,com_to_sf_com_distance,1082,E152.D,10.010611505705599,0.04669796298330459
G12_RUN2,com_to_sf_com_distance,99,E141.D,10.630439635342551,0.05040407549262729
G12_RUN2,com_to_sf_com_distance,424,E152.C,10.323801278825504,0.06429254254417821
G12_RUN2,com_to_sf_com_distance,749,E152.B,9.765320850987994,0.04640459233018686
G12_RUN2,com_to_sf_com_distance,1074,E152.A,9.914991947882351,0.0599843922346217
G2_FD_RUN2,com_to_sf_com_distance,98,E152.A,10.596704955680892,0.04874246029611216
G2_FD_RUN2,com_to_sf_com_distance,426,E152.B,10.770630601085996,0.06935507183903533
G2_FD_RUN2,com_to_sf_com_distance,754,E152.C,10.43074904040545,0.04331351988153423
G2_FD_RUN2,com_to_sf_com_distance,1082,E152.D,10.324152240063444,0.07751598703639778
